:020000041000EA
:100000003029002069100010ED5900105510001023
:10001000551000105510001055100010551000100C
:10002000000000000000000000000000A11000100F
:10003000551000100000000051120010852E001015
:10004000BD120010BD120010BD120010BD12001034
:10005000BD120010BD120010BD120010BD12001024
:10006000BD120010BD120010BD120010BD12001014
:10007000BD120010BD120010BD120010BD12001004
:10008000BD120010BD120010BD120010BD120010F4
:10009000BD120010BD120010BD120010BD120010E4
:1000A000BD120010BD120010BD120010BD120010D4
:1000B000BD120010BD120010BD120010BD120010C4
:1000C000BD120010BD120010BD120010BD120010B4
:1000D000BD120010BD120010BD120010BD120010A4
:1000E000BD120010BD120010BD120010BD12001094
:1000F000BD120010BD120010BD120010BD12001084
:10010000BD120010BD120010BD120010BD12001073
:10011000D3DEFFFF420121100302000000000010A7
:0C012000FF03000000000000793512AB66
:1001300080F0004002E000BF81F0004142001FBF9C
:100140005FEA410392EA030F7FEA226C7FEA236CA5
:100150006AD04FEA1262D2EB1363C1BFD21841409A
:1001600048404140B8BF5B42192B88BF704710F030
:10017000004F40F4000020F07F4018BF404211F0D3
:10018000004F41F4000121F07F4118BF494292EA3B
:10019000030F3FD0A2F1010241FA03FC10EB0C0067
:1001A000C3F1200301FA03F100F0004302D54942F4
:1001B00060EB4000B0F5000F13D3B0F1807F06D3A1
:1001C00040084FEA310102F10102FE2A51D2B1F199
:1001D000004F40EBC25008BF20F0010040EA03008E
:1001E0007047490040EB0000013A28BFB0F5000F0E
:1001F000EDD2B0FA80FCACF1080CB2EB0C0200FAC4
:100200000CF0AABF00EBC25052421843BCBFD04012
:100210001843704792F0000F81F4000106BF80F48C
:1002200000000132013BB5E74FEA41037FEA226C4F
:1002300018BF7FEA236C21D092EA030F04D092F01A
:10024000000F08BF0846704790EA010F1CBF00204E
:10025000704712F07F4F04D1400028BF40F00040AB
:10026000704712F100723CBF00F50000704700F0CB
:10027000004343F0FE4040F4000070477FEA2262F2
:1002800016BF08467FEA23630146420206BF5FEAC3
:10029000412390EA010F40F4800070474FF00003C3
:1002A00004E000BF10F0004348BF40425FEA000C8A
:1002B00008BF704743F0964301464FF000001CE032
:1002C00050EA010208BF70474FF000030AE000BF88
:1002D00050EA010208BF704711F0004302D54042C6
:1002E00061EB41015FEA010C02BF84460146002038
:1002F00043F0B64308BFA3F18053A3F50003BCFA53
:100300008CF2083AA3EBC25310DB01FA02FC6344FF
:1003100000FA02FCC2F12002BCF1004F20FA02F206
:1003200043EB020008BF20F00100704702F12002F9
:1003300001FA02FCC2F1200250EA4C0021FA02F25A
:1003400043EB020008BF20EADC7070474FF0FF0C5F
:100350001CEAD0521EBF1CEAD15392EA0C0F93EA5A
:100360000C0F6FD01A4480EA010C400218BF5FEAFC
:1003700041211ED04FF0006343EA501043EA51116F
:10038000A0FB01310CF00040B1F5000F3EBF490069
:1003900041EAD3715B0040EA010062F17F02FD2A6D
:1003A0001DD8B3F1004F40EBC25008BF20F0010050
:1003B000704790F0000F0CF0004C08BF49024CEA67
:1003C000502040EA51207F3AC2BFD2F1FF0340EAF9
:1003D000C250704740F400004FF00003013A5DDC6A
:1003E00012F1190FDCBF00F000407047C2F10002AB
:1003F000410021FA02F1C2F1200200FA02FC5FEA98
:10040000310040F1000053EA4C0308BF20EADC70E1
:10041000704792F0000F00F0004C02BF400010F453
:10042000000F013AF9D040EA0C0093F0000F01F000
:10043000004C02BF490011F4000F013BF9D041EA22
:100440000C018FE70CEAD15392EA0C0F18BF93EA24
:100450000C0F0AD030F0004C18BF31F0004CD8D14E
:1004600080EA010000F00040704790F0000F17BFD5
:1004700090F0004F084691F0000F91F0004F14D01B
:1004800092EA0C0F01D142020FD193EA0C0F03D173
:100490004B0218BF084608D180EA010000F0004076
:1004A00040F0FE4040F40000704740F0FE4040F451
:1004B000400070474FF0FF0C1CEAD0521EBF1CEAF0
:1004C000D15392EA0C0F93EA0C0F69D0A2EB03020E
:1004D00080EA010C49024FEA402037D04FF08053A8
:1004E00043EA111143EA10130CF000408B4238BF6D
:1004F0005B0042F17D024FF4000C8B4224BF5B1A7B
:1005000040EA0C00B3EB510F24BFA3EB510340EAC8
:100510005C00B3EB910F24BFA3EB910340EA9C0076
:10052000B3EBD10F24BFA3EBD10340EADC001B01E6
:1005300018BF5FEA1C1CE0D1FD2A3FF650AF8B428A
:1005400040EBC25008BF20F0010070470CF0004C97
:100550004CEA50207F32C2BFD2F1FF0340EAC250C2
:10056000704740F400004FF00003013A37E792F083
:10057000000F00F0004C02BF400010F4000F013AE1
:10058000F9D040EA0C0093F0000F01F0004C02BFDC
:10059000490011F4000F013BF9D041EA0C0195E745
:1005A0000CEAD15392EA0C0F08D142027FF47DAFDE
:1005B00093EA0C0F7FF470AF084676E793EA0C0FCE
:1005C00004D14B023FF44CAF08466EE730F0004CCC
:1005D00018BF31F0004CCAD130F000427FF45CAF5C
:1005E00031F000437FF43CAF5FE700BF4FEA4002C9
:1005F000B2F1FE4F0FD34FF09E03B3EB12620DD951
:100600004FEA002343F0004310F0004F23FA02F0BA
:1006100018BF404270474FF00000704712F1610F61
:1006200001D1420205D110F0004008BF6FF0004038
:1006300070474FF00000704753B94AB9002908BF0E
:1006400000281CBF4FF0FF314FF0FF3000F00CB816
:10065000ADF1080C6DE904CE00F012F8DDF804E00D
:10066000DDE9022304B07047704700BF10F8012B8A
:1006700011F8013B012A28BF9A42F7D0D01A7047DF
:100680002DE9F0478C468E46089E154604461946CD
:10069000002B40F0D080724547D9B2FA82F74FB1B3
:1006A000C7F120030EFA07FCBD40BC4020FA03F35B
:1006B00043EA0C0C4FEA154EA8B2230CBCFBFEF823
:1006C0000EFB18CC08FB00F943EA0C43994528D9E6
:1006D000EB1808F1FF3204D2994502D9A8F10202C1
:1006E0002B44A3EB0903A4B2B3FBFEFC0EFB1C33AB
:1006F0000CFB00F044EA0344A04214D92C190CF17D
:10070000FF3304D2A04202D9ACF102032C44241AD4
:1007100043EA02401EB1FC40002334607360BDE830
:10072000F0874246DDE76346F1E7002A79D0B2FA66
:1007300082F3002B3FD01946C1F1200302FA01F5E4
:1007400000FA01F42EFA03F20EFA01FE20FA03F386
:10075000AFB243EA0E034FEA154EB2FBFEFC0EFBAE
:100760001C201A0C0CFB07F842EA004290455AD9AB
:10077000AA180CF1FF3004D2904502D9ACF1020066
:100780002A44A2EB08029BB2B2FBFEFC0EFB1C2229
:100790000CFB07F743EA02439F4246D9EB180CF1E2
:1007A000FF3204D29F4202D9ACF102022B44DB1B80
:1007B00042EA004202E0AEEB020301224FEA154E8C
:1007C000AFB2200CB3FBFEFC0EFB1C330CFB07F896
:1007D00040EA034398452AD9EB180CF1FF3004D2C4
:1007E000984502D9ACF102002B44A3EB0803A4B254
:1007F000B3FBFEFC0EFB1C330CFB07F744EA03447F
:10080000A74216D92C190CF1FF3304D2A74202D902
:10081000ACF102032C44E41B43EA00400F461146AE
:1008200078E71F2188E76046ABE76246BFE760468E
:10083000DBE76346EFE7734506D916B900210846A2
:100840006DE7C6E9000EF9E7B3FA83F787B9734598
:1008500001D3824207D8841A6EEB030301209C4621
:100860001EB900215BE73846FAE7C6E9004CF8E715
:10087000C7F1200CBB4000FA07F422FA0CF520FA6D
:100880000CF1BA401D432EFA0CF30EFA07FE4FEAA4
:10089000154941EA0E011FFA85FEB3FBF9F809FB81
:1008A00018300B0C08FB0EFA43EA00439A4540D976
:1008B000EB1808F1FF3004D29A4502D9A8F10200E2
:1008C0002B44A3EB0A0389B2B3FBF9F809FB1833F5
:1008D00008FB0EFE41EA03418E452CD9691808F148
:1008E000FF3304D28E4502D9A8F10203294443EA1A
:1008F0000040A1EB0E01A0FB02984145CE464346C5
:1009000002D306D14C4504D20138B9EB020E68EB94
:100910000503002EA5D0B4EB0E0261EB030101FA32
:100920000CFC22FA07F3F9404CEA0303C6E9003154
:1009300097E74046C5E74346D9E700002DE9F34174
:100940001F4808F005F81E4D28B91E4802B0BDE842
:10095000F04104F01EBE1C4A0721284604F0D3FAD9
:100960000023AB22194CE2540133202BFBD1184F4A
:10097000184804F00EFEB846AB6811485B6801A940
:100980002E69984720B9336801985840C0F3C010C9
:10099000D7E8AF3F83B901280ED11A46E25401339C
:1009A000202BFBD10123D8E8EF2FC8E8E13F002935
:1009B000F9D1094804F0EDFD142004F0BFFADBE79B
:1009C00038930010D698001010000100CC110020C0
:1009D000180C0020F89800102999001038B5134819
:1009E00007F0B6FF114C20B9BDE83840104804F0BC
:1009F000D0BD4FF4B0121921204604F084FA0D4DF9
:100A0000D5E8AF3F4BB1A3684FF0007120465B695A
:100A10009847502004F092FAF2E7A3684FF0007173
:100A200020465B6998474FF4FA70F3E7389300105B
:100A300055990010180C002008B5054804F0A9FDD0
:100A4000044804F0A6FD4FF47A7004F077FAF7E753
:100A5000779900109499001008B5024804F099FDA8
:100A6000002008BDB2990010014B1B68184700BF59
:100A7000D0000020014B1860704700BFD00000205C
:100A800030B5044685B00D4610220021684608F0B6
:100A900075FB02238DF80230044B2A462146684636
:100AA000019303F0EDFF05B030BD00BF690A0010EF
:100AB00007B51B491B4805F019F970BB1A491948BD
:100AC00005F014F948BB1949164805F00FF920BB89
:100AD0001749144805F00AF9F8B90146154A1148B2
:100AE00005F02FFCC8B90246012313490D4805F053
:100AF00002FD90B9012301460093EF220223094829
:100B000004F0FEFF48B9074805F023F828B9054866
:100B100003B05DF804EB05F04CB803B05DF804FBDE
:100B20004801002054060020300100201801002058
:100B300000010020D4000020EE99001080B5054689
:100B40000E461746984603F0EDFC034600F0C8FB3E
:100B50000446DFF81890424649F8003039463046DE
:100B6000A84754F8090000F05DFB00BF0800000032
:100B700008B50348034A0021121A04F02FFF08BDEC
:100B8000E8060020F0110020074808B5074A084988
:100B9000121A04F025FFBDE808400648064A074936
:100BA000121A04F01DBF00BF00000020E80600205C
:100BB000889F00100000002000000020889F001087
:100BC00038B505460C4699B1D1E901230F480968AB
:100BD00004F0DFFCD4E90423E1680D4804F0D9FCFB
:100BE000E1690C4804F0D5FCA1690B4804F0D1FC84
:100BF000012D05D1EFF305810848103904F0C9FC37
:100C000021462846BDE8384002F04ABB079A00104A
:100C1000379A0010679A0010779A0010A69A001071
:100C200030BFFFF7FDBF00BF2DE9F04105460B4E79
:100C3000DFF82C80324606EB0807CC1B204609491A
:100C400008F08FFAA01942460021083C08F096FAF5
:100C5000EC6607F10800BDE8F08100BF000000006D
:100C600008000000C896001010B5204C204804F081
:100C700090FCA36A990137D51E4804F08AFC1E2017
:100C8000A36ADA0103D51C4804F083FC1F20174C2B
:100C9000A36ADB0203D5194804F07BFC2020A36A79
:100CA0001C0303D5164804F074FC21200F4CA36AE2
:100CB000590303D5134804F06CFC2220A36A9A035D
:100CC00003D5114804F065FC2320084CA36ADB031C
:100CD00003D50E4804F05DFC2420A36A6FEA0343A9
:100CE0006FEA1343A36210BD1D20C9E700ED00E0C9
:100CF000BA9A0010D39A0010E79A0010029B0010D5
:100D00002D9B00104C9B0010729B00108D9B0010BF
:100D100070B5244C064624480D4604F03AFCA36AFC
:100D2000D90435D5214804F034FC1720A36A1A05EC
:100D300003D51F4804F02DFC18201A4CA36A9B050C
:100D40000FD51C4804F025FCA16BA36A180407D535
:100D5000194804F01EFC1EB1A36A23F40043A362E9
:100D60001920104CA36A590503D5144804F011FC4E
:100D70001A20A36ADA050DD5114804F00AFC1B20DD
:100D8000084A936A43F47F43936200232B7070BD3B
:100D90001620CBE7A36A9B04F2D50A4804F0F9FBBE
:100DA0001C20EDE700ED00E0B99B0010D09B001087
:100DB000E29B0010F69B0010109C0010269C001077
:100DC000429C00105B9C001070B5264C06462648DD
:100DD0000D4604F0DEFBA36AD80640D5234804F094
:100DE000D8FB1120A36A190703D5214804F0D1FBD1
:100DF00012201C4CA36A9A070FD51E4804F0C9FBA9
:100E0000616BA36A1B0607D51B4804F0C2FB1EB129
:100E1000A36A23F08003A3621320124CA36ADE07A7
:100E200003D5164804F0B5FB1420A36A9C0603D52D
:100E3000134804F0AEFB15200A4B9A6AD10658BF3E
:100E40009A6A9A6A920642BF5A6A22F400525A6219
:100E50009A6A42F0FF029A6200232B7070BD102044
:100E6000C0E700BF00ED00E08B9C0010A29C0010CA
:100E7000E29B0010D69C0010EF9C0010069D001015
:100E80005B9C0010F0B5614B0446586800258BB0A0
:100E9000C0F3080385F31188BFF36F8F02F07F461C
:100EA000B6F17F4F06D102F00C06082E0CD158483F
:100EB00004F06FFB574804F06CFB002108460BB0B0
:100EC000BDE8F040FFF77CBE16074CBF0C4601257D
:100ED000002CEFD00026DA1E8DF80760092A00F2F8
:100EE0008580DFE802F005797D75838383838381C4
:100EF000494804F04EFB8DF80760444EF36A9A07A8
:100F000004D5464804F045FB00232AE0F36A002B91
:100F100001DA4348F6E7F36A5B00F5D5414804F08F
:100F200038FB7369A26943F480737361BFF34F8F19
:100F3000BFF36F8F32F8023C726922F480727261E3
:100F4000BFF34F8FBFF36F8F03F47F42B2F55F4F54
:100F500026D1DBB2022B23D12168334804F019FBE0
:100F600023689DF80720CAB902AE04F12007324673
:100F700020686168083403C2BC421646F7D1099A5A
:100F8000002D3FD0C2F3080121B96FEA52226FEA67
:100F900042220992184602A9FFF712FE0BB0F0BDDB
:100FA0001A4B9A6AD2B22AB101200DF10701FFF75C
:100FB0000BFF0FE09A6A12F47F4F05D001200DF16C
:100FC0000701FFF7A5FE05E09B6AB3F5803F9BD3C1
:100FD000FFF74AFE0346C4E700200DF10701E6E7EC
:100FE00000200DF10701ECE710488BE7A3F1100298
:100FF0000F4B10F4F87F0F490F4808BF194604F053
:10100000C8FA81E76FF30802C3E700BF00ED00E014
:10101000549D0010809D0010BD9D0010D59D0010B6
:10102000F79D0010069E0010269E0010439E0010A3
:10103000269D00103B9D0010689E0010044B5A69CD
:1010400042F010025A615A6922F008025A61704750
:1010500000ED00E0EFF30880EFF3098101B572467F
:10106000FFF710FF01BD00BF0B4880F3088804F0B4
:1010700037FD102080F3118808484FF400614018B4
:1010800080F30988EFF314800221084380F3148869
:10109000BFF36F8F00F05CF830290020F01B0020B8
:1010A0001EF0040F0CBFEFF30880EFF30980816995
:1010B00011F8021C0229FFD001B5724604F092FC1F
:1010C00001BD00BF40B2002807DB01234109034AEC
:1010D00000F01F00834042F82130704700E100E03B
:1010E00040B200280CDB01220649430900F01F0032
:1010F0008240203341F82320BFF34F8FBFF36F8F1F
:10110000704700BF00E100E040B2002801F101019A
:10111000ACBF00F16040064B4FEA0111C9B2ABBF52
:1011200000F5614000F00F0080F80013195470477B
:1011300014ED00E0044B054A23F07F039360BFF3F6
:101140004F8FBFF36F8F70470000001000ED00E07D
:1011500008B5FFF7EFFF0B4AD2F8883023F470038D
:10116000C2F88830EFF3148323F0040383F3148868
:10117000BFF36F8FFFF7FCFCFFF706FD00F092F85E
:1011800002F05CF900ED00E042F8203C009B0B49C6
:1011900042F81C3C019B21F0010142F8183C029BE3
:1011A00042F8081C42F8143C4FF0807342F8043CAB
:1011B0000023203A02650367704700BF3D0B001013
:1011C00000B50B4B15469860C26E0A4B0E461A606E
:1011D0002C4686F309880020034B984720460021BF
:1011E00000220023014C2047095A00103D0B00103B
:1011F000941100201C0C00201022014B1A61704732
:1012000000ED00E0054B5A699B689A421FBF044AF3
:10121000536843F080535360704700BF941100201F
:1012200000ED00E0084B9B6883420BD1EFF3058390
:1012300043B1064B5A6842F080525A605A6A22F40F
:1012400000425A6207F0B9BD9411002000ED00E0A1
:1012500011498A684FF030001044EFF3098C80E8A0
:10126000F01F102080F31288BFF36F8F0B4F4FF0E9
:1012700000664A698A603E60D06E094C2060106F3B
:101280000023136780F3118802F1300090E8F01F0B
:101290008CF30988704700009411002004ED00E0F1
:1012A0001C0C0020002310210348C2180133342BEA
:1012B00082F80013F9D1704700E100E008B5EFF3C0
:1012C0000583064A103B02EBC30152F8330049681C
:1012D0008847BDE80840FFF795BF00BF7093001036
:1012E00001480068704700001C0C002008B5024B44
:1012F0001B689847002008BD200C0020034B044ABF
:101300001860937843F0020393707047200C00201C
:101310006001002008B5054804F03BF9002383F381
:101320001188BFF36F8F0423184602DF7C9E0010E4
:1013300008B50649064821F00701C1F1202202F54F
:10134000002204F07FF8002008BD00BF6F3C0020A1
:10135000240C002070B541690446867A0A4D59B1C3
:10136000437ADB0706D4242303FB0653DB691B689F
:101370009B689847002363612420214600FB0650A8
:10138000BDE8704007F070BC300600202422024BFC
:1013900002FB0030704700BF300600202DE9F0430B
:1013A00085B00546684690461C46039107F00FFE3F
:1013B000DDE90067EFF31189102383F31288BFF38F
:1013C0006F8F6B8A002B41D02A8A9A4225D900223E
:1013D0000023284602F080FA0446F0B189F3118810
:1013E000BFF36F8F039B002B41D032463B466846CC
:1013F00007F012FE2421A27A254B204601FB02337E
:10140000DB6903A91B681D68DDE90023A84760614B
:1014100070BB2046FFF79EFF24E0698A4B1E6B825B
:1014200089F31188BFF36F8F2B7D2A8A2C6A1B33B7
:1014300023F00303521A02FB0344154B154AEB1A1F
:101440009B105343A3722B7DE372CBE789F3118882
:10145000BFF36F8F23464246284602F03DFA04460A
:101460000028BFD10024204605B0BDE8F0836361A9
:10147000012300252381039B29466382E27A65606C
:1014800004F1180007F07AFE63692582E360EAE759
:1014900030060020398EE338F8B5002424260F4D9D
:1014A00000B9F8BD476800F10802D2E8EF3F591EC5
:1014B000C2E8EC1FBCF1000FF7D1DBB2012BF0D179
:1014C000837AC46006FB035344609B6913B1984759
:1014D0003846E5E7FFF73EFFFAE700BF3006002099
:1014E00000232DE9F04F91B003930B7E044633F0B7
:1014F00080060F46154640F040847AB10846FFF753
:10150000CBFF7B7EDA0703D49D0711D53B7E7BB9E9
:10151000204611B0BDE8F04F04F09CBC497E00F1BC
:101520002809880708D5802B0CD13846FFF7B4FF6F
:10153000304611B0BDE8F08F8A0700F0E583002B3C
:1015400040F0E283CB0713D53B8A082B0ED1FA6813
:10155000394613680020A3625368C9F8043004F0C8
:1015600083FA039028B1FFF797FF1DE03846FAE7AA
:101570000397FFF7B5FE002394F82850A44A15F00E
:10158000600F8350C5F3411318D0032B40F06583DF
:101590006FF08506FFF7A4FE9D4B1B58334300F008
:1015A000618303980028DED1484604F027FC0346F7
:1015B000A069002B00F0D4838021DAE3484604F0D0
:1015C0001DFC94F82930002840F01381013B0A2BC0
:1015D000DED801A252F823F0FF160010911500107A
:1015E00067170010911500100516001091150010D6
:1015F0009115001091150010611600109115001042
:10160000C7160010A069618D03697F2993F88030A7
:10161000BED8A28D002ABBD1E28D002AB8D1EE0639
:10162000B6D194F83020022A02D14FF0FF36B1E74C
:101630001D070FD5C9B204F040FC06460028A9D109
:1016400094F83030012B09D1638D3BB984F83030E8
:1016500000269FE7012384F83930F1E70123F5E7FD
:10166000204604F048FA628D0146FF2A90D8E38DA7
:10167000002B8DD194F82830D80689D194F83030D9
:10168000002BD2D0C2B9618D94F838308B42DFD0B4
:101690002046C9B204F009FE064600287FF47AAF5E
:1016A000628D0521002A14BF02230123204684F8FD
:1016B000303005F010F9CBE72046D2B204F0EEFD51
:1016C0000028E0D1B1E705F01F05012D7FF460AFE0
:1016D000E38D002B7FF45CAF628DFF2A3FF658AF9D
:1016E000A18DFF293FF654AF94F83030022B9CD1E6
:1016F0002046D2B2C9B204F0E3FF06464AE7E38DC2
:10170000A18D002B7FF444AF94F83030002B8CD0A7
:10171000012B01D1002988D115F01F0515D0022D0C
:1017200096D1B4F82A80B8F1000F91D1CDB22946F4
:10173000204605F0B6F8421C06463FF42BAF424661
:101740002946204604F060FB24E700297FF46DAFB2
:10175000638D012B7FF47CAF94F86C3061F3C3038D
:1017600084F86C3074E7A38DE28D5FFA83F8002A69
:101770007FF40EAF628D022A12D105F01F0558EAE0
:1017800005054FEA13217FF403AF0122A06904F09D
:1017900074FB00287FF4FCAE012384F8393057E74E
:1017A00094F8301000293FF440AF012902D1002BFA
:1017B0007FF43BAF15F01F0510D0022D7FF448AF2A
:1017C000002A7FF445AF4146204605F056F8431CF9
:1017D00006463FF4DFAE01224146B2E7002B7FF41C
:1017E00024AF012A7FF434AF94F86C3043F008033F
:1017F000B6E70A2B65D8DFE813F00D00640064003B
:101800006400640064003C006400FB01640010029A
:101810000C000000E38D022B53D194F83030002BE4
:101820004FD0012BA18D01D100294AD115F01F0500
:101830000ED0022D17D000260221204604F0BCFF56
:10184000054618B131460C3004F031F90395FFE636
:10185000002936D194F86C309E0806F00206C3F3D6
:1018600000131E43E8E72046C9B205F029F80646F2
:10187000E2E7668DED064FEA1623F6B207D00023A5
:10188000204608A9089304F031FB089DDEE7013BE0
:101890000E2B16D8DFE813F00F003000950015006E
:1018A0001500910091001500150015001500150098
:1018B000150015002B01204604F01DF918B1012870
:1018C00018D00025C2E7266F002EFAD0B4F82E807B
:1018D00033782046984528BF9846414604F06CFF6F
:1018E00005460028B2D04246314605F10C0004F00E
:1018F000CDF8ABE7666FE7E7204604F0FCF8721C12
:1019000001468046D2B2204604F0A2FC06460028DA
:10191000D7D0D0F804B0E18DBBF802302046994210
:1019200028BF194604F048FF05460028C9D0038A9D
:10193000428A4169D21AC36800F10C0A5B1AD21AB2
:101940009BF8003059469A4228BF1A46504604F088
:101950009DF8D6F80CB0BBF1000F09D1298AE38DB0
:1019600099427FF673AF5046C91A04F0AAF86DE7A2
:10197000DBF8040083681B6B13B9DBF800B0EAE7FF
:10198000414698470028F8D0061F56F8041F002942
:10199000F3D008780028F0D06A8A2B8AA2EB030CD7
:1019A0006A69EB689B1AACEB0302904294BF024653
:1019B00092B2504604F06AF8E7E7204604F09BF83C
:1019C0007FE732460321204604F076F9804600285E
:1019D0003FF477AF04F00DFAE58D98F81530C0B9F3
:1019E00098F814608DF82130AE428DF8206028BF41
:1019F0002E46D8F8103031461B882046ADF82230EC
:101A000004F0DAFE054600283FF45BAF324608A931
:101A10006BE74FF0000AB84A8DF80930D8F8083063
:101A20008DF808A01A40B54B9A424FD110210DEB0A
:101A3000010006F090FC061EFFF643AF08AA102E28
:101A4000904628BF1026AE4804A9B24502F1020212
:101A50002CD3B6000236F6B28DF80860AE4228BF2D
:101A60002E462046314604F0A7FE054600283FF4E6
:101A700028AF022EB34628BF4FF0020B5A46A6EB02
:101A80000B06C34600F10C0A504602A903F0FEFF04
:101A9000730808EB560293451FD1F0077FF5D6AEC9
:101AA000504618F8031003F0FAFFCFE611F8013B97
:101AB0000AF1010A4FEA131C03F00F0310F80CC0DF
:101AC000C35C02F802CC02F8013CBEE798F814604F
:101AD000D8F810808DF80860C0E750461BF8011B4D
:101AE000CDE9002303F0E3FFDDE90023D3E720463F
:101AF00004F001F820B101287FF4E3AE636F00E049
:101B0000236F002B3FF4DDAE5B88B3F5007F7FF6DB
:101B1000D8AE7C4B04F14C06089300238DF824309A
:101B2000E36C9E4208BF0023BDF8222093B1597D8B
:101B30000F2908D1197D0A44ADF822209DF82420F0
:101B400001328DF82420226D9A4201D01B68EBE708
:101B5000BDF82220B4F82E802046904528BF90463C
:101B6000414604F029FE054600283FF4AAAE9DF840
:101B7000202000F10C0A424528BF4246504608A9E1
:101B800003F084FF9DF82030434594BFA8EB030881
:101B9000A8EB0808B8F1000F3FF458AED4F84CB0E9
:101BA000B3453FF453AEBBF1000F3FF44FAE9BF88B
:101BB00015300F2B15D19BF814205046424528BFF5
:101BC0004246DBF8101003F061FF9BF814304345E8
:101BD00094BFA8EB0308A8EB0808B8F1000F3FF486
:101BE00035AE236D5B453FF431AEDBF800B0DAE78C
:101BF00094F83030002B3FF464AEE18D01297FF47E
:101C000060AE94F83860204604F0D6FD0546002802
:101C10003FF41CAE31460C3045E705F01F05012DA1
:101C20007FF44FAE204604F027FB00283FF449AE76
:101C3000A38D4268FF2B3FF644AE12799A42FFF41F
:101C400040AEDAB20F2A3FF63CAEE18D01297FF4B7
:101C500038AE234493F83A60D5E7204603A904F050
:101C600045F94AE57B7EE28DD90713D5484604F055
:101C7000C5F8014670B972B1A06905F0F4FC0146DF
:101C8000039000283FF490AC204611B0BDE8F04F1F
:101C900004F097BD32B9204604F0C6F800287FF45E
:101CA00083AC35E4484604F0A9F8039D18B92846EA
:101CB000FFF7F2FBEFE7002D3FF476AC2946204614
:101CC00004F07FFD08B128464DE4A069036993F84C
:101CD000801011F004017FF41BAC05F0D8FC054620
:101CE00000283FF461AC0146204604F06AFD00285C
:101CF0003FF40EACE7E700BF00FF02000003020064
:101D0000579F0010050F05004A077FF54DAC002BCB
:101D10003FF40BAC3846FFF7BFFB94F83930002B8B
:101D20003FF406AC94F82930052B05D1618DA069EC
:101D3000C9B204F0C2F8054694F82930032B09D142
:101D4000638D022B06D1A18D0022A069090A04F03F
:101D500094F8054600232E4684F83930FFF7E8BB97
:101D6000E38D002B3FF428AC0399003918BF012103
:101D7000C90105F091FBFFF7CBBB6FF00406FFF73D
:101D8000D7BB00BF0B7810B4062B14D10369D3F86E
:101D90009C20EFF31184102383F31288BFF36F8F1D
:101DA00000204B681860506A58B9C2E9083384F3C0
:101DB0001188BFF36F8F00220023034810BC06F088
:101DC000B4BE03605362F2E7040600202DE9FF4130
:101DD00010274FF0FF334FF0FF32584801A901F0B0
:101DE00057FC039B1B69D3F89C40236A93B1EFF324
:101DF000118287F31288BFF36F8F216A29B1606A5D
:101E00000B688142236208BF636282F31188BFF3CB
:101E10006F8FC9B99DF80430062BDAD0072BD8D8BC
:101E200001A252F823F000BF6D1E0010611E0010C9
:101E30008D1E0010731E0010B11E0010A71E001092
:101E4000D31D0010351F00100B7E20465D06D1F813
:101E50001E2002D1FFF744FBC7E704F009FBC4E7EB
:101E600000220121204604F036FDB2E7002211468F
:101E7000F8E794F86C3001A943F00403204684F895
:101E80006C3004F090F800220321EBE794F86C30FA
:101E900001A923F00403204684F86C3004F083F891
:101EA00000220221DEE7204601A904F07CF890E739
:101EB00094F86C30A66923F0040384F86C30D6F8EB
:101EC00008803369A033D3E8AF3F9A072FD5304657
:101ED000D8F83C309847D8F824300021304698474D
:101EE0000546D8F8403030469847ADB929462046D7
:101EF00004F0DBF9054678B9A06905F0E7FB831E1D
:101F00005842584194F86C3084F8305023F06803FC
:101F100043EA401384F86C3000220421204604F088
:101F2000DAFC002D3FF455AF2A4607219AE74FF01F
:101F3000FF35F1E70621029A94E700BF040600206E
:101F400030B589B0002200230024CDE906236FF0CC
:101F500007034FF48062CDE90334CDE90144154B0A
:101F600015490094154801F0D9FF1549134806F0AA
:101F700021FF144B14498B4207D30020134B144903
:101F80008B420CD3002009B030BD03F11402D2E81B
:101F9000EF0FC2E8E54F002DF9D11833EBE703F15D
:101FA0001402D2E8EF4FC2E8E50F002DF9D1183343
:101FB000E6E700BFCD1D0010F0150020D807002077
:101FC000859E0010D0060020E8060020E8060020CC
:101FD000E806002038B5024605460949806905F043
:101FE000D3FB044648B985F83800284604F032F897
:101FF000044610B1A86905F0F6FB204638BD00BFC5
:10200000851D001070B50546074C084EB44202D33A
:102010000024204670BD636828461968FEF726FB39
:102020000028F6D01834F1E7D0060020E80600209A
:1020300070B50646EFF31181102383F31288BFF3C6
:102040006F8F1B4D2A6881F31188BFF36F8F526821
:1020500092F86C20D20705D4BDE870400A22002314
:1020600001F0EABEEFF3118283F31288BFF36F8FA2
:102070002C682CB1696823688C422B6008BF6B60A8
:1020800082F31188BFF36F8F44B1606804F10801D7
:10209000C36998472146074806F0F8FC2B6833B11E
:1020A0003046BDE870400022002301F08DBE70BDB7
:1020B000300C0020D405002030B585B0CDE90012E9
:1020C000054600220023144803A901F04FFA0246F6
:1020D000E8B9DDE90001039B5D60083383E8030094
:1020E000EFF31180102383F31288BFF36F8F039BEC
:1020F0001A600A4A516861B9C2E9003380F3118855
:10210000BFF36F8F00220023054801F05DFE05B08C
:1021100030BD0B605360F1E7D4050020300C002087
:102120000000002073B5102504698DF80710EFF347
:10213000118685F31288BFF36F8F0122206C0DF199
:10214000070103F008FC86F31188BFF36F8F0128A5
:102150000CD006F029FE98B101220D4BD3E8EF1FF9
:10216000002903D1C3E8E02F0028F7D1237F2BB14A
:102170000A22002304F1480001F026FE02B070BDDF
:10218000A37E002BE8D000210A2006F0C8FECEE78F
:10219000380C002038B5002405690E492B6C05F178
:1021A0004800C3E90144DC60AB6BC3E90144DC6077
:1021B00006F0EEFD05F17800074906F0E0FD07495D
:1021C00005F1280006F0DBFD284604F0A5FB2046BB
:1021D00038BD00BF896B0010F76E0010496E00100B
:1021E000F8B5144687680546FB6B0E4698472146AE
:1021F000002200230548FFF7D1F8044600B1067617
:1022000028463B6C98472046F8BD00BF30060020AA
:1022100030B5036989B00446D3F8A45000220023E6
:10222000CDE906236FF007030122CDE90332002335
:102230000090CDE901334FF400722846054B064962
:1022400001F06CFE2168284609B0BDE8304006F078
:10225000B1BD00BF2F7F0010F01900202DE9F7431A
:1022600047680546D7E90069D7E90C01D7F8288007
:102270008368DB68002B44D098470446E8B90146E0
:102280004FF48C72304606F079FF4FF480522146AD
:10229000484606F073FF09237367B8F1000F01D1B8
:1022A0000C23B3670022402311460092284605F014
:1022B0005DF8024628B16FF00404204603B0BDE883
:1022C000F083009040238021284605F04FF8044613
:1022D0000028F0D14FF00053F3640B4BC6F8903058
:1022E000336DDB0707D54FF480326B681B684C33C6
:1022F00043F400531A60012333642846FB6998476E
:10230000DBE76FF05704D8E7F0FB01002DE9F04F51
:10231000436802691E68D3F82880D6F898500446AE
:10232000AB04D2F8A47085B018D5326DB8F1000FA7
:102330000CD012F0011209D14FF4803106F14C0398
:1023400043F440531960012104F03EFF4FF4803202
:1023500063681B68503343F440531A60290519D54C
:10236000336DB8F1000F0ED0DA070CD54FF4803280
:10237000636820461B684C3343F400531A60002204
:10238000114604F021FF012263681B68503343F4B7
:1023900040531A60BC4B2B404BB197F88C3133B192
:1023A00000220221204687F88C2104F00DFF2B0427
:1023B00014D54FF400624FF00008636841461B6873
:1023C0002046503343F440531A6087F88C8104F060
:1023D000ABFE42460221204604F0F6FE6F040FD504
:1023E0001022636801211B682046503343F4405398
:1023F0001A6004F099FE00220321204604F0E4FE56
:10240000E8040DD54FF40022636804211B682046C0
:10241000503343F440531A600022326004F0D4FE7B
:10242000A90607D54FF0004263681B68503343F498
:1024300040531A606A060DD54FF0006263680721A9
:102440001B682046503343F440531A606FF0150266
:1024500004F0BAFE2B060DD54FF0806263680721A9
:102460001B682046503343F440531A606FF0150246
:1024700004F0AAFEEF050DD54FF000726368072146
:102480001B682046503343F440531A606FF0150226
:1024900004F09AFEAE050DD54FF0807263680721F7
:1024A0001B682046503343F440531A606FF0150206
:1024B00004F08AFEE80643D4E90340F1F2804FF4C9
:1024C0000032636820461B688021503343F4405338
:1024D0001A602369D3F8A45063685E6805F039FB7D
:1024E0002046002105F035FB0121336805F1780015
:1024F00085F88D31C3F307221B0C85F88F311B0A39
:1025000085F88E2185F89031736885F89131C3F391
:1025100007221B0C85F893311B0A85F8922185F858
:1025200094312369D3F8A43083F810112369D3F8C8
:10253000A43083F8901005B0BDE8F04F05F0A6BABE
:10254000002763681B6853F8588F43F44053029385
:10255000B8F1000F05D1AFE728FA07F3DA0703D483
:102560000137202FF8D1A7E70123BB400093009A41
:10257000029B4FEA570B1A60FB07C7F3470153D57D
:1025800023692046D3F8A4300391019304F0E3FDBE
:1025900023698146D3F8A4A004F009FE03990646F6
:1025A00050B96FF068020721204604F00DFE009B31
:1025B000013728EA0308CBE7606805F095F9318A0E
:1025C000728AC0F30903521A7069F168091A521A23
:1025D00001999A4201EBCB0128BF1A46D1F88C1021
:1025E00006F10C00019303F051FAF1687069728AE8
:1025F000091A521A318A8A420BD0B9F81A20019B63
:10260000C2F30A02934204D14946204605F05DFA1E
:10261000CDE759460AF1880005F03AFA04210AF19B
:10262000780005F033FAC2E741F0800631462046D3
:1026300004F091FD23698246D3F8A4B004F0B7FDFD
:1026400081460028ADD03146606805F04DF9C0F3F1
:10265000090109F10C0003F03BFAB9F810302BB175
:1026600052464946204605F04AFBA0E7484604F09A
:10267000A2FD58B152464946204605F040FB484667
:1026800004F09DFD93E700BF1000010026F08001DB
:1026900010310BF1880005F0FBF904210BF17800F3
:1026A000BFE705B0BDE8F08F0B2936D8DFE801F0B1
:1026B000060606060F1B24352A2A3A3A0C225143F5
:1026C00003681A4A5B58C3F34313D0567047184B3C
:1026D0001A6B1B6B13F0030322D0022B22D0C2F320
:1026E0004313144AF1E7124AD36BD26B92071BD003
:1026F000114AC3F34313E8E70D4B104A9B6CC3F335
:102700004313E2E70C23594301F1804101F5803185
:102710000B680B4AC3F34313D7E74FF0FF30704702
:102720000E2070470C207047042070477E9F0010D9
:10273000000001407B9F0010759F00106E9F0010ED
:10274000689F00102DE9F04107460C467D68214640
:1027500028463E6905F00BFD00286ED00E2C6CD883
:10276000DFE804F00B0B0B0B0B0B2D6B0B0B333358
:10277000086569003248BDE8F081214628462E6888
:10278000FFF792FF01463846FFF7DCFF0C2303FBFF
:10279000046305465E68586880B2FDF77FFD2949ED
:1027A000FDF788FE0446300CFDF778FD0146204613
:1027B000FDF7C4FC01462846FDF77CFEDBE7062159
:1027C0002846FFF771FF0446C0E72146D5E90236E7
:1027D00028460A2C08BF1E46FFF766FF014638460A
:1027E000FFF7B0FF0446B068FDF758FD2146FDF73E
:1027F000ADFDD6F80080044608F03F00FDF74EFD21
:1028000001462046FDF756FEF7680446C7F302402E
:10281000FDF744FD01462046FDF74CFEF5680446F1
:10282000C5F30230FDF73AFD01462046C4E73068A3
:10283000FDF734FD9FE77068FAE700209BE700BFD3
:10284000001B374B00FF7F474FF08072074BDA6168
:10285000A3F54053DA69D20102D56FF01500704735
:102860000160D86910F08070F7D1704700B00E4059
:102870002DE9F0478EB005AA90464468A368256804
:102880000393E36827690493764B03F1200C164603
:1028900018685968083303C663453246F7D11B8868
:1028A000714A3380714B1A60714A724B1360A2F502
:1028B0004052966833EA0606FBD1B1465FFA89F0CA
:1028C0000C2109F1010905F0BEFFB9F1060FF5D1A0
:1028D0000023C5F8843000F033FC674BDA6B22F03C
:1028E0000302DA635A6C012AFCD11A6B22F003024C
:1028F0001A639A6B012AFCD1636AE269DFF87C9162
:10290000009309FB02F2236AA169039800F0BEFB61
:10291000636BE26A0093236B049809FB02F2A16ADD
:1029200000F0B4FBC44600234FF0FF30194608EB1B
:10293000430292F901E086450ED108EB430E18F9E7
:1029400013909EF901E0B2F800A028F813A082F8D5
:10295000009082F801E001330131112902F10202F5
:10296000E7D1102B1CF9020BE0D918F8160018F962
:10297000161009285DD90136112EF6D14FF40063E7
:1029800005F540521360D36005F5405205F54055FA
:1029900093616B62D4F8D81007F1180041F42A61F2
:1029A000FFF752FF00284FD1D4F8DC10384641F42D
:1029B0007A0141F43041FFF747FF002844D1D4F8B1
:1029C000E010002945D01F2946D801F52A4107F11A
:1029D0001400FFF739FF002836D1B4F8E410284D71
:1029E000381D2943FFF730FF70BBB4F8E61007F13C
:1029F00008002943FFF728FF30BB6FF060421C4BF3
:102A00001A60A3F540539D68ED4335F06045FAD157
:102A10002946606902AA05F0BAFC00281FDB029B68
:102A20002A461979186805F0C4FC002817DB002035
:102A30000CE004EB01110B6C00934B6CD1E90E120E
:102A400005F0D8FE002896D16FF015000EB0BDE855
:102A5000F0874AF60121BAE74FF42A41B7E7831C11
:102A6000E5D0F3E7C89600107F3BEFEF002002406F
:102A700000300240F6FFF30300000140001BB700E6
:102A80000000969608B5074805F062FF38B1064881
:102A9000FEF734FC0448FDF7EDFF002008BD6FF0A1
:102AA0001200FBE700930010AD2A00100A2838B589
:102AB0000446074D04D1AB680D2128465B68984752
:102AC000AB6803485B68E1B29847204638BD00BF59
:102AD000009300104FF05043084A1968084B002932
:102AE00018BF134630331A46106820B90432D11A81
:102AF0001429F9D970470120704700BF9082024025
:102B00004882024070B50D461446B2B911462846B7
:102B100000F05EFB2C4B03EB850253F8253002F5E9
:102B2000805183F0800303F0C0030B604FF4807387
:102B300002F500521360002070BD0669C2F3401216
:102B40002846C4F3001100F043FB0521284600F09D
:102B500023FB14F480311BD04FF0000343EC4450AE
:102B6000A303E8D50123A007F26803FA05F11BD5FA
:102B70000A436007F26032690ED50A4332614FF0B2
:102B8000000343EC4050C4F3804444EC4450D2E78B
:102B9000284600F069FBE3E722EA0102326143ECD8
:102BA0004050C4F3C044F0E722EA0102F26014F49A
:102BB000002204D043EC405043EC4450BBE7610397
:102BC000FAD542EC4050F7E7048003404FF0504301
:102BD0002DE9F0471C4A19681C4B064600290CBF1A
:102BE000904698460024D0F81090DFF864A0E308DF
:102BF00003F10C0258F8221004F007029200D140B1
:102C0000090704D10134302CF1D1BDE8F0870F2140
:102C10008C3301FA02F24AF82320D9F80410002973
:102C2000F0D001270D68A7400029EBD08A683A4010
:102C300002D030464B6898471DB12B6829461D4687
:102C4000F2E72B46FAE700BF48820240908202403A
:102C500000800240054B186801238B400340003B75
:102C600018BF012300201370704700BF000002400E
:102C70000123034AC9B28B4000201360704700BF94
:102C8000002002400123054AC9B28B401360A2F51F
:102C90004052906833EA0000FBD170470030024098
:102CA0000123074AC9B28B40136002F580521360BA
:102CB000A2F54052906833EA0000FBD1704700BF94
:102CC000002002402DE9F84FD0F81090D0F804A071
:102CD00099F8083006460F469046DAF800B0002B07
:102CE00040F086805AB1DBF8303023F00103CBF896
:102CF000303043681A68D36A23F01003D3623B79FB
:102D0000DBF82C40012B24F0EE0405D0022B13D06D
:102D100023B16FF0850054E044F002047B79012B6D
:102D200003D0032BF5D144F00804BB79032BF0D872
:102D3000DFE803F00705111444F00604EEE744F061
:102D40002004FB796BB1012BE3D173681A68136B14
:102D500043F440430AE044F04004F2E744F06004E6
:102D6000EFE773681A68136B23F44043002513637D
:102D7000D9F80C103A682B4612018801890EFDF72C
:102D80005BFC0346DFF870E0403B61F1000C7268C9
:102D90009E4575EB0C0C126827D3830943EA8163C7
:102DA00000F03F0053629062BFF35F8F2846D36A02
:102DB000D362CBF82C403B68C9F800307B68C9F877
:102DC0000430B8F1000F0ED09AF81C302BB973689C
:102DD0001A68D36A43F01003D36273681A68136BDE
:102DE00043F001031363BDE8F88F6FF01500E8E7C7
:102DF0006FF08500F7E700BF80FF3F004FF0E02352
:102E000010B599691C699B6900B103600B4A0C48B5
:102E10001268002908BF1146002B08BF134614F49E
:102E2000803F01D1994205D20168114401604FF001
:102E3000E021096900681044C01A10BD6410002028
:102E40005810002010220B4B002083F8232040F262
:102E5000DC52094B1A6043F69822084B1A60084B63
:102E600043F6972218604FF0E0235A6107229861D9
:102E70001A61704700ED00E060100020641000202F
:102E800058100020684620F007018D46F1B505F086
:102E9000A9FC04460020FFF7B1FF1348134A03685A
:102EA000D2E900515B1941F10001C2E9003100276C
:102EB00043F698220E4D0760D5E900619B1BB3FBDA
:102EC000F2F002FB00F39B1941F10001C5E900316A
:102ED000084B21461F6001F0DFFCFEF793F9BDE8C7
:102EE000F1408546704700BF58100020F0090020CF
:102EF000E80900205C1000202DE9F341804601A87C
:102F0000FFF77CFF00272849284AD1E90034C3187D
:102F1000274844F100041760D0E90020B3EB020C0D
:102F2000C1E90034234E64EB0004234BBC423568F6
:102F300018681ADB43F6982E204B1B6813EB080326
:102F4000A3FB0E3247EB07080EFB0822B3EB0C0382
:102F500062EB04029842974107DAB3F1807F72F185
:102F60000002A8BF6FF07F4318464FF0E023002215
:102F7000306001389C6958619A61114A536803F0C6
:102F8000807343F000735360019BD1E90020A3429A
:102F900038BF5B191B1B9A1840F10000C1E90020E3
:102FA00002B0BDE8F08100BFF009002058100020F9
:102FB000E809002064100020601000205C10002050
:102FC00000ED00E010B5084B00201C68074B1B68A3
:102FD000E41AFFF713FF43F698232044B0FBF3F005
:102FE000034B186010BD00BFF0090020E809002065
:102FF0005C100020F0B50C24444304F1804404F537
:103000008034059E94466268071FB242FFB238BF03
:103010006660012F04F5405224D8012922D10325EE
:103020001560A268D207FCD5226804F5805582EAB3
:103030004C1202F0E002012F2A6009D822684A40AF
:1030400002F003022A6001228A40A1681142FCD0EA
:103050004FF4006104F5005211600B4A666042F8BB
:103060002030F0BD4FF400651560074D55F8202065
:10307000002AD9D06D69B5FBF2F5013505EB4505A0
:10308000033DFDD2D0E700BF68100020F8B5264E02
:10309000264F274D1644BE42B5FBF1F5069C01D9DB
:1030A00002F0C6FCB2FBF5F2A2F11005B5F5987F6F
:1030B000F6D85D1E062DF3D8651E062DF0D8240324
:1030C00044EA03430468002C0EDA046804F03F0469
:1030D0008C4209D18468C4F30B04944204D1C468BF
:1030E00004F4EE249C421DD0124D0124A84214BFCA
:1030F0000E250F25AC40104D104E2C6005F5805567
:103100002C60B56834EA0505FBD10160212182609D
:1031100000F540520432116001680029FCDAC360F6
:1031200008231360F8BD00BF80E84BD380F8A932B4
:10313000001BB70000800540002002400000024054
:103140004FF42A62054B06491A604FF48D72DA601B
:10315000044A11605A68002AFCDA70470080044073
:1031600000B0FA0000A0044030B5C40800F0070029
:1031700080008140074804F18C0540F8251003EBDE
:1031800084031AB103F50053196030BD03F54053B1
:10319000FAE700BF0080024010B50C4B03EB800241
:1031A00053F8203002F5805483F0400303F0C0034D
:1031B00023604FF48073C00000F1804000F52030A0
:1031C00002F540524160136010BD00BF048003400F
:1031D00010B5074CC90004EB800354F8200041EA05
:1031E0008201414001F00C0103F58053196010BDCC
:1031F00004800340054B03EB8000022319B100F566
:1032000000500360704700F54050FAE70480034027
:10321000054A02EB800352F8202003F58053514009
:1032200001F001011960704704800340064B03EB75
:10323000800253F8203002F5805283EA011303F034
:1032400030031360704700BF048003404FF05043C9
:1032500030B44825034C1B6805FB034330BCFFF723
:1032600083BF00BF48820240054B03EB8000402330
:1032700019B100F500500360704700F54050FAE7BF
:10328000048003404FF0E022044BD2F8881D0B432A
:10329000C2F8883D10EE3004704700BF03033000D1
:1032A00038B5EFF31185102383F31288BFF36F8FC6
:1032B000064B9C6805F05FFB85F31188BFF36F8FA9
:1032C0002046BDE83840FDF7ADBF00BF9411002097
:1032D00038B50A4B53F82040013053F82050A5422E
:1032E00000D838BD606830B1037EDB0701D405F03B
:1032F00017FB0834F3E723689847FAE7B098001003
:10330000012270B52C4B2D4C2D4D86B01A70AC425D
:103310001CD30320FFF7DCFF0420FFF7D9FF294C63
:10332000294D2646AE4204F1300413D301F0D6F8FD
:10333000244CAC422AD301F0E5F8FDF77DFB234A8B
:10334000938923F00103938106B070BD54F8043BC8
:103350009847DCE754F80C3C059354F8103C049370
:1033600054F8143C039354F8183C029354F81C3C52
:10337000019354F8203C009354E90A2354E90C01CA
:1033800000F060FD54F8303C5E65CAE7D4E90A23DA
:10339000B3F1FF3F08BFB2F1FF3F05D052EA03018E
:1033A000206803D100F096FD3034C2E70849183098
:1033B00001F08AF9F8E700BFED1100201495001024
:1033C000189500101895001078950010700A0020CC
:1033D000B38E0010782370B5134E012203FB0066F4
:1033E000002386B0CDE904230F220193CDE90232F8
:1033F00014234FF4A0720D4D0D4903FB00550446F4
:1034000002FB00110B4B3046009500F01BFD337C96
:103410002C7423F004033374074B013403EBC423EF
:10342000EE606B6006B070BDF809002094110020BA
:10343000F0230020FB8A0010F01B00207FB5002045
:10344000FFF746FF264B83F30888F023254C264DD3
:1034500084F822300023E37723766376A376636AC9
:1034600043F4E0236362FDF7E9FDFDF7C5FE4FF08D
:10347000FF331E48A362E36200F022FD1C4CAC4205
:103480002AD30120FFF724FF02201A4CFFF720FF68
:1034900001F01CF8184B00255C61184B4FF480625A
:1034A000059301231649CDE903532046154BCDE979
:1034B0000155009500F0C6FC0646237C204623F00B
:1034C0000403237405F0ACFC2846FFF783FF314664
:1034D00020460C4AFDF774FE54F8043B9847CEE7AB
:1034E000F023002000ED00E014950010E80A002011
:1034F00010950010700A002094110020039F001006
:10350000302500200133001038B5064C064DAC4282
:1035100001D3002038BD2046D4E9011205F070FA2D
:103520001434F4E7F00500200406002030B5054B04
:1035300085B0DDE908450293CDE9004505F01EFAA6
:1035400005B030BD4153001038B5064C064DAC42B5
:1035500000D338BD204605F077FA0028F9D11C3495
:10356000F5E700BFD4050020F005002073B50C4638
:10357000EFF31181102585F31288BFF36F8FC568B3
:103580005DB125602B68C3608369013383610020CE
:1035900081F31188BFF36F8F11E052EA030603D164
:1035A0006FF00B002560F3E7CDE9002302460830F9
:1035B00000F0AEFE18B9034B9B685B69236002B054
:1035C00070BD00BF94110020F7B50D4604469DF86C
:1035D0002010EFF31187102080F31288BFF36F8F54
:1035E000266AE06886423FD22668B44219D0C6B146
:1035F000304605F08DFA06F1180001F0F5F829467D
:10360000002554F8082F706905F0ABFD304675674A
:1036100000F0FEFC2046394600F002FE284603B0CA
:10362000F0BDA268A9B12946E06905F09AFDE369F9
:10363000A26813446269E361934201D12369E361A3
:103640000020236A0133236287F31188BFF36F8F51
:10365000E5E7A06923692946984208BF6069801A96
:10366000A06105F07EFDEBE752EA03010BD00749AC
:1036700004F1080089684D61CDE9002339462246EE
:1036800000F046FECBE76FF02200DDE7941100204A
:10369000F7B504460846EFF31186102181F312882E
:1036A000BFF36F8F216A00293AD0A268A16905F0A3
:1036B00058FDA369A268256813446269A361934217
:1036C00004BF2369A361236AAC4203F1FF33236281
:1036D00035D02846002D33D0002705F019FA05F122
:1036E000180001F081F86969A268E06905F039FD08
:1036F000E369A268284613446269E361934204BF08
:103700002369E361236A013323626F6700F080FC61
:1037100004F10800314600F083FD384603B0F0BDE7
:1037200052EA030111D00A4989684861CDE90023B2
:103730003146224604F1080000F0EAFDEEE70020E1
:1037400086F31188BFF36F8FE8E76FF02200F7E789
:10375000941100202DE9F341044617461E46EFF36D
:103760001188102383F31288BFF36F8F304BC26828
:103770009B6872B18068984217D057EA060216D14A
:1037800088F31188BFF36F8F6FF00F0002B0BDE8B0
:10379000F08193F90E1001322161C4E9023288F3FD
:1037A0001188BFF36F8F0020F0E72169F3E793F9E9
:1037B0000E1090F90E30994230DA9942A8BF19469E
:1037C00005F0BAF9054622464146CDE9007619488A
:1037D00000F09EFD0028E6D0EFF31186102383F35E
:1037E0001288BFF36F8FA068D0B1236821699C4213
:1037F0000AD04BB193F90E309942A8BF19466FF029
:103800007F039942B8BF194605F096F940B1314699
:10381000084800F005FD6FF00A00B7E70025D2E781
:10382000002DF4D186F31188BFF36F8FF3E700BF4B
:1038300094110020EE110020F8B583680546002B96
:103840003FD0234A926893423ED1C368012B03D9EB
:10385000013BC3600020F8BDEFF31187102383F311
:103860001288BFF36F8F0169806805F065F92C68D5
:10387000A54207D10023C5E9023387F31188BFF3BE
:103880006F8FE7E7002CF5D0D4E9003200261360F3
:103890005A60237CC4E9006623F002032374A66007
:1038A00004F1180000F0A0FFAC6094F90E3020463F
:1038B0002B61666700F0ACFB3946064800F0B0FCAF
:1038C000C8E76FF01500C6E74FF0FF30C3E700BF51
:1038D00094110020EE11002073B51546EFF3118608
:1038E000102282F31288BFF36F8F0468B4B123688B
:1038F000426823F00303944208BF436003602368D7
:103900009B0704D06568204605F018FC2C4686F31A
:103910001188BFF36F8F204602B070BD55EA0302D5
:10392000F5D000F1080231461046CDE9005300F011
:10393000EFFC0028EFD1024B9B685C69EBE700BF0E
:103940009411002070B5EFF31186102383F31288D1
:10395000BFF36F8F0468A0421BD0D4B1D4E900320A
:10396000002513605A60237CC4E9005523F002034C
:103970002374A56004F1180000F036FF2046656747
:10398000656100F045FB3146BDE87040064800F037
:1039900047BCD0E902329A4218BF0133836086F3F4
:1039A0001188BFF36F8F70BDEE11002013B5EFF3D8
:1039B0001181102484F31288BFF36F8F846844B19F
:1039C000013C846081F31188BFF36F8F002002B047
:1039D00010BD52EA030406D181F31188BFF36F8F43
:1039E0006FF00F00F3E7CDE900230246014800F035
:1039F0008FFCECE7EE110020F8B50546EFF31187D8
:103A0000102383F31288BFF36F8F00232C68A54225
:103A100019D0C4B1D4E90032002613605A60237C67
:103A2000C4E9006623F002032374A66004F11800C1
:103A300000F0DAFE6FF00A0320466367666100F06B
:103A4000E7FA0123E2E70022AA602BB13946BDE87C
:103A5000F840044800F0E4BB87F31188BFF36F8F90
:103A6000F8BD00BFEE1100202DE9F04F04464FF0E5
:103A7000FF364FF0FF37DFF88C8185B0EFF3118907
:103A8000102383F31288BFF36F8FE56F5DBB0221B4
:103A900004F1940005F00CF9002800F0818004F195
:103AA0008C0BD4F88C505D4500F08780002D00F021
:103AB0008480D5E900324FF0000A13605A602B7CF5
:103AC000C5E900AA23F002032B74C5F808A005F18C
:103AD000180000F089FE012328466B67C5F814A082
:103AE00000F096FADDE7D4F880202B689542E36772
:103AF00008BFC4F88030D4F8943043F00203C4F80F
:103B00009430EB6823F0040343F00103EB606B682F
:103B100089F31188BFF36F8F28469847EFF3118917
:103B2000102383F31288BFF36F8FEB68D80623F05E
:103B300001024DD4EA60EB689A071BD5D8F8000063
:103B400023F00203EB60A8B10021026890B1436842
:103B50009D424DD10368002942D1D8F80420C8F80D
:103B60000030904201D1C8F80430002340F8083BEF
:103B7000FFF7E8FED4F8943023F00203C4F8943041
:103B8000DB053DD4E36F003B18BF012389F31188A7
:103B9000BFF36F8F002B3FF471AF05F02DF96DE788
:103BA000D4F89430D90608D5C4F8940089F3118864
:103BB000BFF36F8F05B0BDE8F08F00234946CDE914
:103BC0000067029304F184020F4800F0B1FC55E74E
:103BD00023F01103EB6005F11000FFF7B3FEAAE735
:103BE0000B60D8F80430984208BFC8F80410BCE74E
:103BF00001461AB1136810461A46A7E71346FAE7BA
:103C00000023C3E7B4110020EE110020F8B5C3680B
:103C100004469A070E46C3F3400541D45F0741D4DA
:103C20000B680BB983680B60E368D80742BFA368D1
:103C300002253360376858BF01254FB31B4B9A6884
:103C4000BB6F9A421ED105F0AFF880F00100C0B200
:103C5000D7F89430D907C3F380021CD5F2B1F8B17C
:103C600000232360D7F8803073B9C7E91F44384672
:103C700005F048F8E36843F00403E3603368A360A9
:103C80002846F8BD0020E3E71C60C7F88040EEE757
:103C90006FF0150506E06FF0120503E01B07DFD596
:103CA0006FF00F0500233360EAE700BF9411002096
:103CB00037B501900846EFF31185102383F312887E
:103CC000BFF36F8F01A9FFF7A1FF041E06DD294690
:103CD000054800F0A5FA204603B030BD85F31188F1
:103CE000BFF36F8FF7E700BFEE11002001460148D8
:103CF000FFF7DEBF800B0020F0B50446002089B03E
:103D00000E9DC4E91F0004F18400C4E9210004F100
:103D10008C00C4E923004DB32879002840F201103B
:103D200008BF0120C4F8940000204FF0FF364FF088
:103D3000FF37CDE90330CDE90100CDE90667204624
:103D40000B4B009400F0EAF855B1296811B12046F8
:103D500005F030F86B791BB1A38943F00103A3810F
:103D6000204600F0B7F8A46709B0F0BD0120D9E7FC
:103D7000693A001037B501900846EFF3118410211D
:103D800081F31288BFF36F8FC16811F01E0F16D137
:103D900053EA020508D101A9FFF738FF84F311881F
:103DA000BFF36F8F03B030BD41F00801C1600199CE
:103DB00010308161034900F087FC0120EEE700200C
:103DC000ECE700BF438D001001460148FFF7D2BF6A
:103DD000800B0020F0B585B00C4617461D460190BB
:103DE000EFF31183102181F31288BFF36F8F204608
:103DF00003A9039304F067FF55EA0703039E09D163
:103E0000204601A9FFF702FF86F31188BFF36F8FE9
:103E100005B0F0BDE3683A4643F00803E360019B58
:103E20000449A36204F110002B4600F04DFC012070
:103E3000EAE700BF438D001001460148FFF7CABF03
:103E4000800B00202DE9FF4D984600F15803C0E992
:103E50001633109B0026838104234FF0000A4FF095
:103E6000000BD51D037425F007050F9B0D440F466D
:103E700083732946C0E90666C0E908AB8660C6734D
:103E80000446FCF7D1FE0E9B073002930D9B20F0F9
:103E9000070001930C9B2D1A00932A46434639468E
:103EA0002046FDF771F9054B66659B6803B19B6E73
:103EB0002846A36604B0BDE8F08D00BF9411002031
:103EC00001230374838100238366014B986070474C
:103ED0009411002038B50446EFF31185102383F3C5
:103EE0001288BFF36F8F037C5B070FD5183000F08B
:103EF0007BFC237C204623F00403237400F088F825
:103F00002946BDE83840044800F08AB985F3118895
:103F1000BFF36F8F38BD00BFEE110020F0B5002554
:103F200087B00595109DDDE9127604950F9D044636
:103F300003950E9D02950D9D01950C9D0095FFF733
:103F400081FFB6F1FF3F08BFB7F1FF3F05D056EA4A
:103F5000070305D12046FFF7BDFF204607B0F0BD9F
:103F60003A46334604F11800014900F0ADFBF4E78E
:103F7000B38E00106FF00A01084A93685967084928
:103F800018674B6843F080534B60002383F311881C
:103F9000BFF36F8F9368586F704700BF9411002074
:103FA00000ED00E038B5184CA168E0690B6881426B
:103FB00014BF1A46002249680B605960A368E16982
:103FC0002AB9124AC3E900210B60E3610AE092F9C1
:103FD0000E5093F90E00854212DD5168C3E90021AD
:103FE0000B605360A569094B9D4200D005B9E56897
:103FF000A3689D4202D0284604F0DEFF656138BD0B
:104000008A42DED01268DBE794110020AC11002058
:1040100070B590F91020037C002A2FDBD9062DD132
:104020001A4C63F07F032246037452F8183FE1698B
:10403000934207D1C0E900210860E0610FE0994296
:10404000F8D01B68002BF5D093F90E6090F90E5054
:10405000AE42F4DD5968C0E9003108605860A569D6
:10406000954200D005B9E568A3681A7CD20606D14E
:10407000DA897F2A03D9AA690AB9636170BDAB42A4
:1040800002D0284604F098FF6561F7E794110020FC
:1040900038B590F910200146002A037C04DA03F0B9
:1040A0007F03037404F0AAFE0D4D2A4652F8184F00
:1040B000AB68944200D004B9EC688B4207D01A7CFC
:1040C000D20604D1DA897F2A01D9A2692AB1A34292
:1040D00002D0204604F070FF23466B6138BD00BF5C
:1040E00094110020002A2DE9F8430CBF4FF010086E
:1040F0004FF00808027C044618EA020F0D4662D110
:1041000048EA0203D2090CD10374B8F1080F7BD13D
:10411000A36813B1204604F079FE102704F11806B5
:104120000FE003F07F03037404F068FEEDE785F30E
:104130001188BFF36F8FEFF3118587F31288BFF3F8
:104140006F8F304600F050FB0B30F0D0A66D04F1BD
:104150005807B74211D04FF0000976B1304604F04D
:1041600055FEC6F8749006F1180000F03DFB30468D
:10417000FFF74EFFA66DB742EFD1274B9B689C42DD
:1041800042D1EFF30587003F18BF0127DFF8889081
:104190004B4653F8186F9E4200D00EB9D9F80C6008
:1041A000D9F80830B34202D0304604F005FFB8F128
:1041B000100FC9F8146006D0204601F022FC17B198
:1041C0001648FFF77DFE144B9B68A3421ED1EFF308
:1041D0000583DBB9A289D20711D585F31188BFF316
:1041E0006F8F83F31188BFF36F8F0423184602DFAC
:1041F000EFF31185102383F31288BFF36F8F2846E6
:10420000BDE8F843FFF7B6BE0027BFE785F3118886
:10421000BFF36F8FBDE8F88394110020E80A0020F7
:1042200049B9EFF3058030B9054B5A699B689A424A
:1042300001D0FFF79FBE81F31188BFF36F8F7047E6
:104240009411002070B50F4D06462B4653F8184FB9
:104250009C4200D004B9EC68AB681A7CD20604D149
:10426000DA897F2A01D9A2692AB1A34202D0204665
:1042700004F0A2FE23466B613146BDE8704002485F
:10428000FFF7CEBF94110020EE11002070B5EFF3C0
:104290001186102383F31288BFF36F8F1A4CA16825
:1042A000E0690B68814214BF1A46002249680B601E
:1042B0005960A368E1692AB9144AC3E900210B6077
:1042C000E3610AE092F90E5093F90E00854216DD83
:1042D0005168C3E900210B605360A5690B4B9D42F7
:1042E00000D005B9E568A3689D4202D0284604F0D5
:1042F00063FE65613046BDE87040FFF73BBE8A4211
:10430000DAD01268D7E700BF94110020AC1100206A
:10431000F8B5DDE906670C461146EFF305833BB1BE
:10432000002383F31188BFF36F8F0423184602DF45
:104330000D4B0E4A98681060EFF31182102282F341
:104340001288BFF36F8F9D68284604F078FD3246CF
:104350003B4605F11800064900F0B6F92046BDE8D5
:10436000F840FFF707BE00BF94110020BC110020E9
:10437000B38E0010F8B50446EFF31187102383F3D2
:104380001288BFF36F8F037C49B203F01F02002A2B
:104390000CBF0126002635D103F07F032A4D03749C
:1043A00004F02CFD2A46037C817363F07F030374C1
:1043B00052F8183FE869934207D1C4E9002004602D
:1043C000EC610DE09842F8D01B68002BF5D093F912
:1043D0000EC08C45F6DD5968C4E900310C605C60A4
:1043E000AC69944200D004B9EC68AB689C4202D03E
:1043F000204604F0E1FD6C6187F31188BFF36F8FF5
:104400003046F8BD9B071CD5856804F0F7FC817326
:104410002B689D4209D16B68C4E900531C606C6035
:10442000EAE76A689A42F6D01B68002BF3D093F94A
:104430000E208A42F5DD5A68C4E9003214605C60DF
:10444000DAE78173D8E700BF94110020F8B550EA8D
:10445000010305460C4603D104F0CEFC0020F8BD54
:10446000EFF31187102383F31288BFF36F8F134E7E
:10447000134BB0681860FFF70BFEB0682A4623465E
:104480001049183000F020F9B36804461A7C1F6701
:1044900042F004021A746FF00A025A670A4A53681B
:1044A00043F080535360002383F31188BFF36F8F71
:1044B00004F089FD201A20EAE070D0E79411002072
:1044C000BC110020B38E001000ED00E0024B03F1A0
:1044D0001802C3E90622704794110020EFF31181FE
:1044E000102383F31288BFF36F8F054B9A68D37B39
:1044F000013BD37381F31188BFF36F8F704700BF07
:1045000094110020EFF31180102383F31288BFF37E
:104510006F8F034B9A68D37B0133D373FFF792BE3F
:1045200094110020014B9868704700BF941100203F
:10453000D3B5DDE90667089CCDE90067FFF7E8FE23
:104540001CB1034B9B685B69236002B0D0BD00BF08
:1045500094110020027C034612F01F0210D10A4978
:1045600088420DD00949086868B1D9897F2909D8DE
:1045700093F90E20064B1B689A42B8BF0020704783
:104580000020704710467047F809002028030020DB
:10459000C01100200122044BC01A044BC010584324
:1045A000034B1A54704700BF600B0020ABAAAAAAA5
:1045B000EE110020F8B50B4B04461E7C18230A4D63
:1045C0000A4F03FB0655284600F00EF934B1BB5DD7
:1045D0002846E21A0649D31700F076F80023BB55A7
:1045E000F8BD00BF94110020600B0020EE110020E8
:1045F00095450010F8B5EFF31187102383F3128867
:10460000BFF36F8F124E134BB5681868A84206D1DE
:1046100004F0D2FC87F31188BFF36F8FF8BD00223E
:104620001A60337C0C4AD35C002BF3D02846FFF78A
:1046300091FF04460028EDD02B7CDB06EAD1FFF782
:10464000B1FC7369AB42E5D12046FFF7B3FFE1E768
:1046500094110020BC110020EE110020024B1868BC
:10466000984208BF002070472C03002008B502467E
:10467000FFF7F4FF6FF00041C8B18A4215D2D0E9CC
:104680000230B0F1FF3F08BFB3F1FF3F03D16FF03D
:104690000040801A08BD8B4270F1000001DB054824
:1046A000F7E79A4201D2981AF4E70020F2E78A422B
:1046B000EDD3EFE7FEFFFF7F024B186808B1FEF76E
:1046C00081BC704734030020B3F1FF3F08BFB2F153
:1046D000FF3F2DE9F84F04469A461546984679D093
:1046E0000161EFF31187102383F31288BFF36F8FFB
:1046F000BAF1000FDFF8E49023DBFFF7DDFF384B62
:1047000006461A68003A18BF012245194AF100030B
:10471000521943F10003D9E90051551943EB01083F
:104720000121DFF8C090C4E90223FFF797FFD9F811
:1047300004A0D0B9C4E9009ACAF80040C9F80440FE
:1047400025E06FF00102D9E90013521A4FF0FF3152
:1047500061EB0303521B63EB0A03012A73F10001AF
:10476000BCBF012200230021DBE7D0E9022ED4E9FF
:10477000023C93427CEB0E0B23DAD21A6EEB0C0355
:10478000C0E902234368C4E900031C604460FFF7EA
:1047900065FF84420DD1124B1B68013309D111B959
:1047A000FFF78AFF06463046FFF760FF0021FEF75D
:1047B000A3FB87F31188BFF36F8F28464146BDE8FE
:1047C000F88F9B1A6CEB0E025045C4E90232B1D04F
:1047D0000068AEE70025A846EFE700BF780B002091
:1047E000340300202C030020F8B50446EFF31186B3
:1047F000102383F31288BFF36F8F026872B3FFF741
:104800002DFF184B5B689C4208D0D2E90231D4E9F5
:104810000275DB1941EB0501C2E90231D4E900322E
:104820000025844213605A60C4E900550ED0002070
:104830000D4A136823F001018C4204BF43F00103C9
:10484000136086F31188BFF36F8FF8BDFFF734FF55
:10485000FFF70CFF2946FEF74FFBE8E76FF0150066
:10486000E6E700BF2C030020C4110020EFF3118203
:10487000102383F31288BFF36F8F064B40F00100C3
:104880001B681B1A5842584182F31188BFF36F8F7F
:10489000704700BFC411002000232DE9F0470C46EB
:1048A000334E344DDFF8D090344F30602B60D6F863
:1048B0000080B8F1000F10D14FF0FF3340462B605D
:1048C000FFF7D4FE4146FEF717FB84F31188BFF3D0
:1048D0006F8FBDE8F047FFF78DBEFFF7BFFE6FF0AB
:1048E000004330B1D0E90212994272F10002B8BF20
:1048F0000B464345194684BF434641464FEAE37C95
:1049000038B18268D0F80CE0D21A6EEB0C0EC0E918
:10491000022EA8EB01014FF0000A4FF01008D9F861
:1049200000203160D218D9F8043043EB0C03C9E9F8
:104930000023FFF793FE0028B9D0D0E902120A4302
:10494000B5D1D0E900210A6051600269C0E900AA2E
:10495000386084F31188BFF36F8F9047EFF31184B1
:1049600088F31288BFF36F8FC7F800A0E1E700BF9C
:10497000C811002034030020780B0020C41100204F
:1049800010B5EFF31184102383F31288BFF36F8FF8
:10499000FFF792FE054AD2E90031C01841F100014B
:1049A00084F31188BFF36F8F10BD00BF780B002018
:1049B00073B50446EFF31186102383F31288BFF317
:1049C0006F8F8368594003EA02050A405340002272
:1049D000009309496B46019204F0BAFADDE900320E
:1049E00023EA020304F10C003146A360FFF718FC30
:1049F000284602B070BD00BFE1900010F8B5074630
:104A00000C46164604F0D0F908B10020F8BD0D4B55
:104A10009B689D6E002DF8D0221DF6D2EFF3118415
:104A2000102383F31288BFF36F8F284647F00401E9
:104A3000B04784F31188BFF36F8F0028E5D040F8AA
:104A4000045BE3E7941100200146024A0020FFF7CF
:104A5000D5BF00BF3B53001007B5064B4FF4806233
:104A6000009305494FF0FF330448FFF745F903B0C1
:104A70005DF804FBC898001030290020800B00204E
:104A80002DE9F04F43688BB08046924600938378BF
:104A90009C0740F1F98000250878002800F0F68096
:104AA00025280AD04B1C019301354146009B9847AD
:104AB0000028C0F2E3800199EEE74E788B1C252E8A
:104AC0000193F1D000270A22B9463C461F2C22D878
:104AD000A6F12003102B20D8DFE803F0141F1F1AC3
:104AE0001F1F1F0B1F1F1F121F171F1F090044F03E
:104AF0000104019B13F8016B0193002EE6D13AE00B
:104B000044F0020444F00404F3E744F00804F0E73E
:104B100044F01004EDE77F2C24D8A6F13003092BD4
:104B200008D860064EBF02FB073744F0200402FBA2
:104B30000939DEE72A2E0DD161065AF8043B53D419
:104B4000002BA7BF44F020049946C3F1000944F0AC
:104B50002804CEE72E2E05D1630600F1978044F09D
:104B60004004C6E76C2E2ED028D8682E32D06A2E8C
:104B700037D04C2E35D0002F46F02003B8BF24F09C
:104B80004004A3F16502BCBF0027A4B2022A01D9E8
:104B9000612B2BD10AF1070A07279D4E2AF0070A3D
:104BA0000AF1080A210760D506EB070B34465C457D
:104BB0005DD1AE1BA9EB0709A21959E1742E98D05B
:104BC0007A2E96D0D7E7260648BF44F4007444F006
:104BD00080048EE7E00548BF44F4007444F4807418
:104BE00087E744F4207484E71F4682E7A6F1630256
:104BF000122A00F2D880DFE812F013004D00D60030
:104C0000D600D600D6004D00D600D600D600D6007D
:104C1000D600E800D100D600D6001A00D600A000C9
:104C20005AF8043B012704AE8DF81030BAE75AF861
:104C3000046B784B002E08BF1E4614F0400F304620
:104C400014BF39464FF0FF3104F0A0FA0746A9E738
:104C500041462020009B984700280FDB013CA742DB
:104C6000F6D34D44A1462D1B9EE74C46F7E741463F
:104C700014F8010B009B9847002898DA98F8023046
:104C800043F0040388F802304FF0FF3528460BB09C
:104C9000BDE8F08F220630D5A3052AD50AF1070A10
:104CA0002AF007039A4659685AF8080B24F0100BAB
:104CB00000291FFA8BFB2FDA40424BF4806B61EB2B
:104CC000410104AC0A23224604F06CFA1BF0400FA9
:104CD000A0EB040200F08E802BF001049742A4B2F6
:104CE00040F38F80002E40F08E802BF01104A4B290
:104CF0001DE05AF8040BC117D8E7E0055AF8041B69
:104D000001D40846F7E7A20547BF48B241F3C011F6
:104D100008B241F3C031C9E750EA0103D1D16306BB
:104D2000CFD5002FCDD124F011043A46A4B23B4692
:104D300040F206410C4262D124E024F010040A2320
:104D4000A4B214F0800243D014F4007117BF0AF12A
:104D5000070A5AF8040B2AF0070292461CBF516852
:104D60005AF8080B50EA01023ED124F0160B6206F5
:104D70001FFA8BFB3CD5002F3AD124F017043A469A
:104D80003B46A4B221075AD4E10705D5994572DD07
:104D9000A9EB03039F184B469B464AE044F01004DE
:104DA00010237826CDE7782B04D1C6F1780343F0A1
:104DB0001003C6E741462520009B98470028FFF6D0
:104DC0005DAF02354146304670E608230026B8E75D
:104DD00014F480715AF8040BC4D014F400711ABF93
:104DE000C0B2114680B2BDE724F006041FFA84FB6E
:104DF00004AC68E713465C46E10699D52EB9013349
:104E0000C0E71346F8E73B46F6E70233BAE700BFD0
:104E1000189F0010119F0010CDE90232414620205A
:104E2000009B98470028FFF629AF0BF1010BDDE945
:104E30000232D945F0DCEB1A03EB0B055B46E106C9
:104E400027D541463020CDE90232009B9847002803
:104E5000FFF614AFDDE902327EB901352F44791B2C
:104E60008A4229DB144604AE94BB2A44A9EB030909
:104E70001546914440E017468EE7023541463046DC
:104E8000CDE90232009B98470028DDE90232E5DADD
:104E9000F4E640F206410C42E0D014F0020F05F1B6
:104EA0000105414614BF2B20202014F4806FCDE96A
:104EB000023218BF2D20E5E7CDE902324146009BC2
:104EC0003020013598470028DDE90232C7DAD5E6FF
:104ED000013C4146CDE90232305D009B98470028F5
:104EE000DDE90232C0DAC9E641462020009B0135E7
:104EF00098470028FFF6C2AEA9EB0503002BF3DCB0
:104F0000D9E500BF70471346F0B4DA028768066936
:104F100007D513F4402F1EBF43F3000202F44022D2
:104F20005340012534688D4023F48012DB074CBFC9
:104F30002C43AC4334603B68F0BC18470A21A0FB0B
:104F4000010103F0ECBF836800EBC101B3F5004F32
:104F50002CBF51F8220031F81200704700EBC1015C
:104F60008068B0F5004F2CBF41F8223021F8123094
:104F70007047012208B5FFF7E6FFD04008BD8368FF
:104F800000EBC101B3F5004F08D34B681AB143F0F1
:104F900001034B60704723F00103FAE74B881AB115
:104FA00043F001034B80704723F00103FAE75300FD
:104FB0000122FFF7D3BF08B58368B3F5004F06D3CE
:104FC000FFF7D7FF01288CBF0020012008BD00207B
:104FD000FCE78368B3F5004F34BF04230823C91AE4
:104FE000081AC00870478368B3F5004F28BF01391D
:104FF000B1FA81F0C0F11F0070472DE9F04117466A
:1050000003220E460446FFF79EFF8642054607F13F
:1050100004080AD10122E368BA4023EA0203E360EC
:10502000002344F82830BDE8F081314602222046B2
:10503000FFF789FF06462B4601460322204644F827
:105040002850FFF78BFF334629462046BDE8F04144
:105050000222FFF783BF38B504460D46FFF7ABFFCA
:1050600070B929462046FFF784FF01462046FFF726
:10507000BAFF294602462046BDE83840FFF7BDBFCB
:1050800038BD2DE9F04705468946FFF7ACFF05EB33
:10509000800ADAF81070064677B94FF0FF34EB68F3
:1050A0000136B4401C4015D094FAA4F2B2FA82F250
:1050B000131D55F8234009E03C464FF003082146F4
:1050C0002846FFF756FF484507D332462146284673
:1050D000FFF793FF2046BDE8F087214603222846CC
:1050E000FFF731FFB8F101080446CAF81000D4D028
:1050F0008742E4D1D1E72DE9F04114460E4605463A
:10510000FFF737FFA4EB0608371B0744424631463A
:105110002846FFF74CFF3A4621462846FFF747FF4F
:105120004346002221462846FFF718FF214628461D
:10513000FFF71FFF3B46211800222846BDE8F0413B
:10514000FFF70CBF2DE9F041164604460F46FFF766
:1051500010FF314605462046FFF70BFF05442A465F
:1051600039462046FFF723FF31462046FFF701FF6F
:105170002B46311800222046BDE8F041FFF7EEBE75
:105180002DE9F04104460D46FFF715FFB8BB29464F
:105190002046FFF7EEFE01462046FFF724FF04EB12
:1051A00080010E6996B90122E36882401343E360EF
:1051B00002220D612B4629462046FFF7CFFE03222F
:1051C00029462046BDE8F041FFF7C8BE022231461D
:1051D0002046FFF7B8FE0746034629462046FFF75C
:1051E000BDFE0322334629462046FFF7B7FE394667
:1051F0002B462046FFF7B2FE02223146E1E7BDE82A
:10520000F08170B500295CD0056801222846FFF7BF
:10521000E0FE014604462846FFF795FE104006D101
:1052200080F31188BFF36F8F0423184602DF2146F5
:105230002846FFF79EFE2618314600222846FFF733
:1052400082FE361AB44206D082F31188BFF36F8F04
:105250000423184602DF002221462846FFF78FFE6E
:105260002146FFF786FE2618012231462846FFF721
:105270006AFEC20708D431462846FFF7ECFE3246E4
:1052800021462846FFF75EFF002221462846FFF709
:105290005AFE261A012231462846FFF754FEC3075C
:1052A00009D431462846FFF7D6FE22463146284625
:1052B000FFF748FF344621462846BDE87040FFF717
:1052C0005FBF70BD70B5056809B9002070BDAB68DF
:1052D00001F00704B3F5004F34BF0422082207345D
:1052E0001444E40804EBD1049C4228BF1C46284621
:1052F0002146FFF7C6FE06460028E6D001462846AE
:10530000FFF737FEA04209D93444314628462246E9
:10531000FFF7F1FE21462846FFF732FF284601221B
:105320003146FFF72CFEAB68B3F5004F34BF0423C2
:10533000082303EBC6031844C8E71146FFF7C2BFB2
:105340002DE9F8434B42066803EA010731EA0303FB
:105350001446B2680ED0B2F5004F2CBF08230423C8
:10536000BB4228BF3B46B946CF1B94B9002528460F
:10537000BDE8F883B2F5004F34BF042308239942F7
:1053800004D82146BDE8F843FFF79CBF4FF0000961
:10539000EBE7B2F5004F34BF04250825FB1AE108FE
:1053A00004F0070001EBD301073003F007030344C7
:1053B0002B4401EBD301914228BF11463046FFF741
:1053C00060FE80460028D1D0B36809EBC005B3F574
:1053D000004F34BF042308231D4435447B1E1D4465
:1053E000B5FBF7F57D43A5EB090529463046FFF7E8
:1053F000F0FD2C44073424F00704A41B8045074625
:105400004FEAE40408D2024641463046FFF773FEF5
:1054100041463046FFF7B4FE39463046FFF7A9FD56
:105420003844844208D2394630462246FFF763FEAC
:1054300021463046FFF7A4FE012239463046FFF7E9
:105440009EFD94E7B2F5802F34BF042308232DE995
:10545000F0410026D21A8C18CD1D25F0070524F046
:105460000704641BE408056021462846AC60EE6032
:10547000FFF7B9FD820002F11B07FF083146043235
:1054800005F1100003F07AFE3A4631462846FFF750
:105490008EFD3346324631462846FFF75FFDA4EBCA
:1054A0000708284631460122FFF769FD4246394682
:1054B000FFF77DFD3B46324639462846FFF74EFD55
:1054C00021462846FFF773FD4346324621462846CB
:1054D000FFF744FD214628460122FFF750FD3946DB
:1054E000BDE8F041FFF74CBE2DE9F041054690467E
:1054F0000E4601B303688B421FD30024274658F899
:105500002730AA68934213D39B1A2A7943FA02F2EE
:105510002B689A420CD20121E86800F044F9002877
:1055200018BF04460137BE42E9D12046BDE8F081EC
:105530006FF00D04F6E70C46F7E76FF01504F4E79B
:10554000F7B5044617460E4611B9002003B0F0BD6A
:1055500003688B4218D300250121E06801AA00F0FE
:10556000BCF850B92379019A9A40A3689B1804D0DB
:1055700047F825300135B542EED1AE42E5D93A467D
:1055800029462046FFF7B0FF6FF00B00DEE7002052
:1055900070470FB407B504A951F8040B0191FBF74C
:1055A0006FFA03B05DF804EB04B07047013A30B510
:1055B00001F01F034C090A440121550902F01F02A2
:1055C000C26001FA02F2836001FA03F3511E5B42EA
:1055D0000A43AC42036108BF134004604560426166
:1055E00008BF036130BDF8B50746DDE906041D4676
:1055F000FFF7DCFFD0E90016BF686B4257F82120A7
:1056000005695A40B14202EA050202D182B901207D
:10561000F8BD6AB957F8262040695A4002400AD1BD
:1056200001318E42F3D957F821209342F8D05A40E5
:105630001CB90020ECE73146FAE792FAA2F2B2FA7E
:1056400082F202EB41122260F3E7F0B587B0044624
:105650000C981D4610B96846FFF7A8FF0168476817
:10566000A368B94253F82120066908D125B1324315
:1056700043F8212007B0F0BD22EA0602F8E7B5B1F1
:10568000324343F821204168A268456952F821302D
:105690002B4342F821304FF0FF3103680133426859
:1056A0009A42E7D9A26842F823100133F7E722EAC9
:1056B000060243F82120A2684168466952F8213069
:1056C00023EA060342F8213002684368013293421C
:1056D000D0D9A36843F82250F7E72DE9F04F0546EB
:1056E0000E4617468BB0EFF31188102383F3128810
:1056F000BFF36F8F002A53D0002951D002688A422D
:105700004ED3202A0DD90021406888424FEA411427
:1057100029D0AB6853F82130B3F1FF3F1CD10131E0
:10572000F3E780680023006800F08BF8041E08DAB5
:105730006FF01B0088F31188BFF36F8F0BB0BDE8CB
:10574000F08F0123A968B3400A68013BA3401A43C4
:105750000A6000203C60EDE72BB1DB4393FAA3F332
:10576000B3FA83F31C44A2EB06090DF10C0B0DF107
:10577000100A4C45DCD80023324621462846CDE9A4
:1057800000ABFFF730FF40B10123324621462846E7
:10579000CDF800A0FFF759FFDBE7039C0134E8E7F1
:1057A0006FF01500C6E72DE9F04315464A1E07467F
:1057B0000C4689B02A44EFF31186102383F3128834
:1057C000BFF36F8F002939D003688B4236D3AB42C9
:1057D00034D9934232D9202B18D801238B408168C9
:1057E000013B03FA05F20B6803EA02009A4308D072
:1057F0006FF00D0086F31188BFF36F8F09B0BDE81D
:10580000F08323EA00030B600020F3E74FF0000869
:105810000DF108090A4601232946CDF80480CDF888
:105820000090FFF7E0FE0028E2D0434622462946DA
:105830003846CDF80090FFF708FFE5E76FF0150058
:10584000D8E71F2A2DE9F0419EBF4FF0FF3404FA3C
:1058500002F21043C2434FF0FF304FF0010C0746F5
:105860008646DAB1B2FA82F5C5F11F080CFA08F4DF
:10587000013C94431DBFB4FA84F4C4F11F06A8EBA5
:105880000605C5F120051BBF0EFA06F6C4F1200877
:10589000A04622EA06048D4202D14046BDE8F081CE
:1058A0001BB18D42F9D82246DBE78D42FBD3AF42D4
:1058B00084BF40462F46F6E770B506460C888888B8
:1058C000241A3069A4B2844285B224BF641BA4B2F6
:1058D0002D1BA8B2984228BF184633682344136092
:1058E0000B8803440B8070BD70B48389858806697A
:1058F000ED1AADB2731B934228BF134670BC0A4623
:10590000011DFFF7D9BF70B40E460146C58831F8B6
:105910000A3FEC1AA3B2934228BF1346324670BC2A
:10592000FFF7CABF10B54B880C88E41AA4B29442A2
:105930000ED31A4492B28B884A800A800069D21A28
:1059400092B2824201D2002010BD03448B80FAE75C
:105950006FF01500F8E72DE9F34106460F461546AE
:105960004FF000082A46304601A9FFF7BDFF044664
:1059700040B102463946019803F0F3FB2D1BA044C9
:105980002744EFD142463046311DFFF7CBFF40465A
:1059900002B0BDE8F0812DE9F34107460E461546F9
:1059A0004FF000082A46384601A9FFF7ACFF04462D
:1059B00048B12EB102460199304603F0D2FB26448D
:1059C0002D1BA044EED14246384607F10A01FFF7ED
:1059D000A9FF404602B0BDE8F081704703F0CEBB9E
:1059E00003F0BFBB01460068FBF7EAB808B5FBF758
:1059F00017F9BDE80840FBF705BC00210120FBF7C3
:105A0000DFB86FF08500704761B662B680F3118829
:105A1000BFF36F8F704772B6002383F31188BFF313
:105A20006F8FBFF34F8F30BF62B6BFF36F8F70477A
:105A300008B5FBF76FFC08B5FBF758FC002008BD64
:105A4000D0E8EF3F0133C0E8E23F002AF8D17047C9
:105A5000002303824369C3607047014608B50830DC
:105A6000FFF7EEFF084608BD10B508B14B6843606C
:105A700000234C6808464B60FBF70EFD204610BD26
:105A80008388026819448180D018704730B48488B4
:105A90000568A3188380281930BC03F062BB10B5D9
:105AA000838802685C1C8480D154D01810BD30B546
:105AB000838802689D1C8580D418D154090A6170BE
:105AC00030BD83885B1A9BB283800068184470479E
:105AD00003468288521A8280006808441860704722
:105AE000FDF7D0BB4FF0FF324FF0FF330430FDF72E
:105AF00031BEFDF7A1BE90F86C00C0F341107047B5
:105B0000F8B504461E460D461746FFF7EBFF94F81E
:105B10006C309B0715D425B1012D10D06FF0150501
:105B200008E0216F0029F9D000259DF818300F7189
:105B30004E718B71201DFFF7DCFF2846F8BD616FA9
:105B4000F0E76FF00F05F5E790F86C00C0F3800008
:105B5000704738B50446FEF7C1FC2046FFF7C2FF88
:105B6000A06940B96FF01205201DFFF7C2FFFEF7D4
:105B7000C9FC284638BD94F86C30DB0716D402F017
:105B8000E7FE0028EED02046FCF724FA0546002860
:105B9000EAD10146242204F1280003F0EFFA94F838
:105BA0006C3043F0010384F86C30DDE76FF077056B
:105BB000DAE770B50446FEF791FC2046FFF792FF46
:105BC00094F86C30DA0731D5C3F340019B0730D429
:105BD000A06901F001FD0646A06901F08DFD0546B2
:105BE000B0B9A36F4BB13146204600F0D0F905465D
:105BF000A8B1A06901F0A8FD0AE0A06901F024FDA8
:105C0000A0670028EFD1A06901F09EFD6FF00B05A1
:105C1000201DFFF76EFFFEF775FC284670BD94F857
:105C20006C3043F0020384F86C30F1E74FF0FF353D
:105C3000EEE76FF07705EBE70246034652F8640F94
:105C400090420BD100207047027A8A42FBD09A6EB4
:105C50008242F7D000680028F6D170470028F3D1BF
:105C6000704738B504460D46FFF73CFF94F86C309A
:105C7000DB0718D42B690BB9EB68BBB1636E1BB99A
:105C800004F16403C4E919332B6893B9A26E04F1DB
:105C90006401C5E900121560A5661D46201DFFF7C9
:105CA00028FF284638BD4FF0FF35F7E76FF01505A0
:105CB000F4E76FF07705F1E710B50446034654F8B2
:105CC0004C0FA0420DD100200DE0447D8C4204D148
:105CD000032909D1047A944205D01C6D8442F2D084
:105CE00000680028F1D110BD0F29F5E72DE9F0413A
:105CF00005460C46061D4FF0FF324FF0FF3330468D
:105D0000FDF728FD2F6F002F6DD095F86C30DB0765
:105D100069D4EB6C1BB905F14C03C5E91333236857
:105D2000002B63D1637D0F2B09D1237A012B0CD07B
:105D30002B6D05F14C02C4E900231C602C65637DCA
:105D4000032B0FD04FF0000806E02846E168FFF76C
:105D500088FF80460028EBD03046FDF76DFD4046B9
:105D6000BDE8F081EA6C05F14C0090421ED10023A1
:105D700029E091F815C0BCF1030F10D00133237254
:105D80004B68C4E900131C604C60637A022B24D07A
:105D9000032B25D0012BD5D1237ABB73D2E791F801
:105DA00008C00CF1FF3C6345E8D11268002ADED040
:105DB000517D2B6D03290DD19A42137A02D01168BF
:105DC0000029D6D1013323722B6DC4E900031C6076
:105DD0002C65DAE79342E8D1C9E7237AFB73B1E790
:105DE000237A3B74AEE74FF0FF38B5E76FF07708E2
:105DF000B2E70346006800B1187A70470346C088CE
:105E000008B11878C009704770B50C46154600F007
:105E100038FB40B1406883681B6823B12A4621469D
:105E2000BDE87040184770BD38B5802104468069D0
:105E300001F02DFC054650B10146204600F0C1FCA2
:105E4000044610B12846FBF727FB204638BD6FF00B
:105E50000B04FAE738B50446806FFFF7FEFD0546F0
:105E6000FFF7F6FD2046294600F0ABFC044610B1D2
:105E70002846FBF711FB204638BDF8B504460D4611
:105E8000174686680369A033D3E8AF3F9B070ED55A
:105E9000B36A7BB1F36B98472946B36A3A4620460A
:105EA0009847336C0546204698472846F8BD4FF082
:105EB000FF35FAE76FF08505F7E770B504460D4644
:105EC00086680369A033D3E8AF3F9B070BD5F36B1C
:105ED00098472946736A20469847336C0546204602
:105EE0009847284670BD4FF0FF35FAE770B590F837
:105EF0002830044603F01F03012B0D4600F128064D
:105F000027D0022B11D04BB3204694F82910FFF76D
:105F100093FE0246D0B13046FFF770FF78BB13699D
:105F2000A3B1314620462A681EE0818DC9B200F037
:105F3000A8FA02460028E7D03046FFF75FFF014687
:105F40005068836899B99B682A6863B96FF08500C7
:105F500070BD818DC9B200F07BFAEAE790F8291094
:105F600000F0B2FAE5E73146BDE870401847DB685B
:105F700013B13146984703462B600020E8E7D36809
:105F8000002BE3D03146204698472860F5E710B54E
:105F9000044619B9002084F8300010BDFFF75AFFFD
:105FA0000028F7D0F9E738B590F830300D46022BCD
:105FB00004D100F061F908B1C46804B938BD2B7888
:105FC000032B05D0052B0ED0022B08D02468F4E754
:105FD000606883685B69002BF8D09847F6E76068D3
:105FE00083689B69F7E760688368DB69F3E70122F0
:105FF00070B515460B685BB302F07F04103423FACA
:1060000004F6F60710D5036823FA04F6F60702D45F
:106010006FF0150070BD05FA04F423EA0403036071
:106020000B6823EA04030B60D340DE070DD5036839
:1060300023FA02F4E407EBD505FA02F423EA040399
:1060400003600B6823EA04030B600132102AD1D1EC
:106050000020DFE72DE9F04F836981461B69026F5D
:1060600093F880308FB0C3F34113022B0ED0032B73
:106070000ED0012B0CBF10230823D371D9F8548004
:106080000026B8F1000F05D14046AFE02023F4E729
:106090004023F2E7D8F80430D8F80C4003930C966C
:1060A00004967CB9049B039A09339BB293701B0A34
:1060B000D3701671D8F80C40002C40F0B180D8F89D
:1060C0000080DDE7002560680D9583681B6B002B61
:1060D00000F0A48029469847002800F09F80C4E97A
:1060E00003553546A0F1040B5BF8043F0BB11A7859
:1060F00022B9B5427DD86FF0150077E05A780B2AA7
:1061000008BF9D70DBF800305A78042A10D1E2688D
:106110000D990A43E260DA78002A58D101229D7075
:106120002369AA40134301352361EDB200230D9387
:10613000DBF800707B78052BD6D16FF012004FF0A2
:10614000010AD9F8183008937A793B795FFA8AF115
:1061500043EA0223ADF82E300C9B069397F90230E8
:10616000069A002BA3BF4FFA8AF30793534641F0D8
:106170008001BFBF4BB2079321F080031033DA4098
:10618000D2072BD40D9A22FA03F3DB07059225D40C
:10619000BB79FA78089800930DF12E03099101F06C
:1061A000A0F80999D0B9079BB970002B4FF00103F3
:1061B000BCBF21F0800110318B4006980599BDF8D5
:1061C0002E2019430343CDE90C31BA808CE76A1EB7
:1061D0009A700DA90CA8FFF70AFFA7E70AF1010AB8
:1061E000BAF1100FB0D100283FF47EAF0FB0BDE878
:1061F000F08FE3680D9A1343E360606883689B6ADD
:10620000D3B198470028F1D10146606800F000F949
:10621000049B2E4603442468049342E73546ECE78A
:10622000E36804F10C01A3600CA8FFF7E0FE00286E
:106230007FF461AF24683FE76FF08500D6E74FF049
:10624000FF324FF0FF330430FDF784BAFDF7F4BAA4
:1062500021B101290DD000231B68FFDE54300068F6
:1062600048B143685B79934205D000680028F8D1B3
:1062700070475C30F3E7704710B590F83030044653
:10628000022B09D1FFF737FC94F83820014620464D
:10629000BDE81040FFF7DCBF002010BD08B5FFF7D8
:1062A000D7FF003818BF012008BD2DE9F041044692
:1062B0000E46FFF720FC94F838308046CBB9002E0C
:1062C0003BD0324641462046FFF7C2FF0746A8B101
:1062D0000246204600F0CCF9054688B984F83860BB
:1062E000FC6864B3606883681B6A03B198472468DC
:1062F000F7E72046FFF7C0FF074620B96FF03C05DF
:106300002846BDE8F0810146204600F087F91022BA
:106310000546002104F13A0002F030FF002384F822
:106320003830FF6817B9002DC9D0E9E7786883686D
:106330005B6A03B198473F68F4E784F8386000254A
:10634000DEE7F8B504460E4615465768FFF777FFB7
:1063500094F86C30D9074BD4012E4CD0FB799A06B7
:1063600005D5A3691B6993F880309B0743D5002EA0
:1063700041D1E36D53B9626D62B9236F6A685B7C8A
:106380000133DBB25371226F53740EE09D4235D05E
:106390001B68EFE7954225D12A68EBB9A36D6265CA
:1063A0009D4200D1A26500232B60A96841B120461F
:1063B000FFF79CFC064650B9A868FFF71AFDB871B4
:1063C00000232B60A36D83B9C4E915550026201D59
:1063D000FFF73CFF3046F8BD1A60A26D954208BF3A
:1063E000A365E0E713461268C6E71D60A565EDE703
:1063F0006FF00F06EBE76FF08506E8E76FF0150624
:10640000E5E74FF0FF324FF0FF330430FDF7A2B95C
:1064100008B583681B6B0BB198470346002023B176
:1064200053F8042B0AB1127802B908BD1044F6E7FC
:1064300010B51C46FFF70CFF48B10122C06802FAF4
:1064400004F320B10269134201D10068F9E710BDDD
:1064500010B50C46FFF710FF48B10123C06803FADE
:1064600004F120B10369194201D10068F9E710BDB8
:10647000D1F81A0083681B6903B118476FF08500D3
:10648000704770B5012501F07F0311F0800F18BF30
:1064900010339D4090F830300446022B01D000208C
:1064A00070BD90F83860FFF726FB32460146204663
:1064B000FFF7CEFE0028F2D0C0680028EFD0836836
:1064C0001D42EDD10068F8E738B50C46FFF7D4FE61
:1064D00080B1C06870B14368DA681AB100231179DD
:1064E000994201DC0068F5E71568ED5CA54201D032
:1064F0000133F5E738BD2DE9F04105461F46084652
:10650000002A3DD1FBF77EFD0446C8B32846FFF7BD
:1065100078FF95F86C30DA0707D56FF00F04281D67
:10652000FDF78AF92046BDE8F081D4F8048004F133
:106530001406D6E8AF3FDB07EFD4D8F804300BB130
:106540009D42EAD13A4600212846FFF781FEA0B1DC
:106550000023236003696BB9C0E90344D6E8EF3F29
:1065600043F00103C6E8E23F002AF7D10024C8F84F
:106570000450D4E71C600461F0E76FF03C04CEE700
:106580006FF01204CEE72DE9F8430D464C689846AB
:10659000064617469DF82090FFF7ADFAA36801461E
:1065A0001B6B1BB96FF01500BDE8F88320469847B8
:1065B0000028F7D0041F00200C3554F8041F09B13F
:1065C0000B782BB9002814BF00206FF03C00EBE7DC
:1065D0004B78042B0BD1F8B98B784345EDD1CB78B0
:1065E0004B45EAD10B79002BDED00120E5E7052BE6
:1065F000E3D10028E1D0012F07D0022FF5D12A46A0
:106600008978B06900F0C2F803E02A46B06900F06A
:10661000A1F80028E9D0C7E70020C5E7F8B506468D
:10662000CC680CB9204622E0012504F10C07E26891
:10663000AAB165F07F03D9B203F07F031033DA40CB
:10664000D2070ED4E368EB40DB0705D53A46B069C4
:10665000E9B200F09BF850B90135102DE7D124685C
:10666000DFE73A46B06900F091F80028EAD0F8BDBB
:106670002DE9F347002405460E46A146576897F8D2
:1066800005803B79A34203DC002002B0BDE8F0871F
:106690005FFA84FA3146534642462846FFF7C8FE61
:1066A000014650B1534601222846CDF80090FFF72D
:1066B0006AFF0028E9D10134E3E76FF03C00E4E72A
:1066C0002DE9F74380460D461746FFF7C1FE064603
:1066D00028B96FF00104204603B0BDE8F0830F2D08
:1066E000F7D808EB0509014699F83A402B460022F5
:1066F00040460097FFF747FF0028EAD100942B4659
:10670000022231464046FFF73EFF04460028E2D110
:106710002B460122314640460097FFF734FF0446DE
:106720000028D8D1706883685B6813B13A4629465F
:10673000984789F83A70CEE7012311F0800F18BF0F
:1067400021F08001026818BF10318B4022EA030358
:106750000360704737B58B790C46009315468B88DC
:10676000CA78897800F034FE70B994F90230A178C3
:10677000002B4FF00103B8BF21F080012A68B8BF99
:1067800010318B4013432B6003B030BDF8B5064683
:106790000D46174600F064FE044658B929463846AF
:1067A000FFF7CAFF2946304600F02DFF044608B91E
:1067B00002F022FB2046F8BD0A468069802100F0E5
:1067C00052BF2DE9F0410B7E0C46590605462ED1ED
:1067D00023B3FFF7B9F970BB2846D5F87080268A35
:1067E000EF8DFFF788F9F8B1421E534253419B01E8
:1067F000228A9AB1BE42324628BF3A46E98D91427A
:106800000CD9B2FBF3F103FB11223AB994F9183019
:10681000002BBEBF637E43F0080363762146A86960
:10682000BDE8F04100F092BE98F80730E0E76FF065
:106830001500BDE8F0814FF0FF30FAE74368986932
:10684000FBF7CEBC70B591F918300546002B0C460D
:10685000466807DBC4F81A502146B069BDE87040AD
:1068600000F074BE3046FFF76FF90028F2D04FF009
:10687000FF3070BD806900F01BBF38B505468069E8
:106880000C4600F009FE58B9012314F0800F18BF20
:1068900024F080046A6B18BF1034A34013436B6369
:1068A00038BD70B5054680690E4600F01FFE0446EF
:1068B00020B9314605F13400FFF73EFF204670BD98
:1068C0000B0648BF21F08001406B48BF1031C84023
:1068D00000F001007047C36982B08DF8001001928A
:1068E0002BB102AB13E9060002B0FBF7E5BB02B027
:1068F0007047C36982B08DF8001001922BB102ABD2
:1069000013E9060002B0FBF7D7BB02B0704770472F
:1069100003695B68D868704743680361037A63B1B1
:10692000012B0CBF022303234375437A5A1E032A0B
:1069300005D8DFE802F0050505050123F4E700238B
:106940000375837A062B09D0072B09D0052B0CBFC2
:10695000002303238375837EC37570470123F9E702
:106960000223F7E7036993F8440030B11A6C938867
:10697000918910695B1A9BB2C01A7047036993F83A
:106980003C007047036993F8442012B993F83C0027
:106990007047012070470369C3E908127047022954
:1069A000036907D0042907D0012907D11B690020FA
:1069B000136070471B7EFAE75B7EF8E76FF0850097
:1069C0007047CB79026923B1012B02D06FF08500AB
:1069D0007047002093767047D0E8AF0F084100F071
:1069E0000100704703691B698833D3E8EF1F41F04A
:1069F0000201C3E8E21F002AF7D1704710B504690D
:106A0000A06BFEF7C8FF10B1012384F83D3010BD24
:106A100010B50469A06B4289C3889A4202D14FF035
:106A2000FF3010BD0122FEF7B6FF0028F7D004F1B9
:106A30007800FDF75BF90020F3E738B50469EFF360
:106A40001185102383F31288BFF36F8F206CFEF73C
:106A500082FF85F31188BFF36F8F10B1012384F893
:106A6000453038BD0269002013690B6053694B60E3
:106A7000704738B503461B6940685D68AC68A37A07
:106A800084F8223094F82D3084F82330A376696896
:106A900041B1237C33B9FFF729F918B96868FFF7CA
:106AA000A8F92074002038BD38B513464A78046927
:106AB000202A4568206904D0222A16D06FF085006C
:106AC00012E0CA88072AF9D16BB1DB681A68426004
:106AD0009A8802819B798372FFF71EFF2246082164
:106AE0002846FFF706FF002038BDCB88002BE5D1F4
:106AF0004B880921C3F34002838103F0010302762E
:106B000043762246ECE770B54B78212B12D1CD8825
:106B10000369072D28BF0725406829461E69FFF72E
:106B20004BFE044620B12A46311D0C30FEF7AEFF65
:106B3000204670BD0024FBE701238B40DB43D0E8F7
:106B4000EF2F1A40C0E8E12F0029F8D17047006903
:106B500002218830FFF7F0BF006903218830FFF77A
:106B6000EBBF002108B50369186901778830FFF78A
:106B7000E3FFBDE808400121FFF7DEBF0369012103
:106B800018698830FFF7D8BF2DE9F04750F8483C26
:106B900000F140065B680546002130461F68FFF79C
:106BA0001BFF002857D001213046FFF715FF814613
:106BB000002850D155F8083C5A89DB889A4203D105
:106BC00015F82D3C002B46D0D6E8EF4F44F02003BB
:106BD000C6E8E23F002AF7D114F020043BD13B691C
:106BE00040225B6838469B6893F83610FFF726FE14
:106BF000804650B930460521FFF79EFF2846BDE884
:106C0000F0470A220023FDF7DFB815F82C3C33B11A
:106C1000428AC16855F8080CFEF7BDFE04462146BD
:106C200008F10C00FEF72CFF2CB104F03F04B4FA7D
:106C300084F94FEA59194146384605F82D9CFFF76B
:106C400001FE40B14046FAF727FC3046BDE8F04768
:106C50000521FFF771BFBDE8F08740297FB534D02B
:106C60000DD8102933D006D801296BD0082930D08F
:106C70006FF0150426E02029FAD1042308E0B1F5CD
:106C8000807F28D0B1F5007F27D08029F0D1102354
:106C900004699BB2E18912B30B4342F2A1014FF4A4
:106CA0000032E381CDE901120669ADF80C3043688A
:106CB00000211C6806F188031846FFF78DFE88B98D
:106CC0006FF00C04204604B070BD0823E0E70223F7
:106CD000DEE70123DCE72023DAE74023D8E721EAD7
:106CE0000303DAE701211846FFF776FE0028E7D113
:106CF00023690A225B6820469B6893F82610FFF7F9
:106D00009DFD0546D8B10A2201A90C30FEF7BEFE52
:106D100020462946FFF796FD044618B12846FAF7A3
:106D2000BBFBCFE74FF0FF324FF0FF3306F18C0093
:106D3000FCF73CFE0B3008BF6FF08B04C2E76FF02E
:106D40000B04BFE70024BDE7F8B50D460169064610
:106D50000C694968476889682B7E91F83D102AB311
:106D6000994204D1042104F18800FFF7E5FE33695C
:106D70002A7E5B689B6893F836309A4204D10521DD
:106D800004F18800FFF7D8FE33692A7E5B689B68B0
:106D900093F826309A4203D104F18C00FCF72CFEC4
:106DA00029463846BDE8F840FFF764BD994214D142
:106DB0002A8AE968A06BFEF7CEFD28B1236A1BB1D1
:106DC00004F12800FCF792FF04F188000421FFF78A
:106DD000B3FE04F17800FCF789FF33692A7E5B6813
:106DE0009B6893F836309A4215D1236A1BB104F19F
:106DF0002800FCF77BFF052104F18800FFF79CFECB
:106E0000237FABB900234FF47A7204F14800FCF7FA
:106E1000DBFF0123237733692A7E5B689B6893F845
:106E200026309A42BCD104F18C00FCF78BFDB7E709
:106E3000236CDA885B899A42EDD00022002304F1AA
:106E40004800FCF7C1FFE6E738B550F8083C0446B7
:106E5000002B4FD050F8283C00F160055B68022100
:106E60001A680023838283832846FFF7B5FDB8B1F3
:106E700054E9023110699847637D1BB104F1500059
:106E8000FCF734FF05212846FFF7A6FD98B9637F7C
:106E90006BB10022002304F12000FCF795FF0AE00B
:106EA00003212846FFF798FD0028E1D1E4E714F814
:106EB0000D3C002BEDD102212846FFF78DFD38B1A6
:106EC00023695A89DB889A4202D02046FCF70EFFDC
:106ED00003212846FFF780FD60B1A269938891895C
:106EE00012695B1A9BB29A4204D02046BDE8384032
:106EF000FCF7FCBE38BD38B550F8783C02465B68FC
:106F000000211D6800F110031846FFF765FD90B3DE
:106F100001211846FFF760FD68BB52F8401C8A88C3
:106F200088890969121A92B28A1A3F2A23D9D3E8AA
:106F3000EF2F42F01001C3E8E01F0028F7D1D3067D
:106F400019D42B6940225B6828469B6893F83D1052
:106F5000FFF774FC044670B1438A0146402B28BFFA
:106F6000402343822846FFF76DFC20B12046BDE850
:106F70003840FAF791BA38BD08B50369022103F128
:106F800088021046FFF728FD28B1996BC888498907
:106F9000401A18BF012083F83C0003211046FFF778
:106FA0001BFD40B11A6C908891891269401A80B219
:106FB000801A18BF012083F8440008BD006900F161
:106FC0008803D3E8EF1F41F00801C3E8E21F002A5D
:106FD000F7D1026C9388918912695B1A9BB29A422D
:106FE00002D02830FCF782BE704738B5046904F13E
:106FF0008805D5E8EF3F43F00403C5E8E23F002AE7
:10700000F7D1A36B5A89DB889A4203D004F1280098
:10701000FCF76CFE04212846FFF7DEFC28B904F1DA
:107020007800BDE83840FCF761BE38BD10B5036993
:107030001C6904F18800D0E8EF2F42F00102C0E89B
:10704000E12F0029F7D10221FFF7C6FC10B1184645
:10705000FFF7CBFF236A1BB904F17800FCF746FE6B
:107060000123E37604F148000022BDE8104000232C
:10707000FCF7AABE38B50446807AFAF787F9616949
:10708000054649B1637ADB0704D4C36920461B680F
:107090009B6898470023636121462846BDE8384035
:1070A00001F0E2BD30B509060546847C14D414F025
:1070B000400016D0298AC3F30A00C1F30A018842AE
:1070C00020D802F00300022809D003280AD00128A2
:1070D00011D004F0010004E014F02000E9E7C4F34B
:1070E000800030BD14F00200FBD013F4C05F0BD061
:1070F000C4F30010F5E714F0080207D013F4C05FE2
:10710000EFD0F5E70020ECE70120EAE71046E8E7DA
:10711000A030D0E8AF0F00F001007047A030D0E8F9
:10712000AF0FC0F3400070470369A033D3E8AF2F1F
:1071300041B1D3E8EF1F41F00401C3E8E21F002A88
:10714000F7D17047D3E8EF1F21F00401C3E8E21F35
:10715000002AF7D1704701F00F030269090648BF02
:10716000103352F823007047007DC0F300107047C1
:10717000037D61F304130375704708B50269104677
:10718000FFF7C6FF60B9087E00F00F03000648BF96
:10719000103342F82310084601F04BFD002008BDD3
:1071A0006FF00C00FBE700220023FCF795BB01F019
:1071B0006DBD01F046BD407EC0F3C0007047437E08
:1071C00023F00803437670471FB504698DF8041057
:1071D000CDE90220D4F8983001A9984704B010BD39
:1071E0001FB50346046906208DF804002046CDE94A
:1071F0000213FFF78DFF40B1C1F81E201846D4F8E6
:10720000982001A9904704B010BD4FF0FF30FAE775
:1072100038B505460C462046FFF7C5FF014600B9C4
:1072200038BD6FF070022846FFF7DAFFF3E72DE96B
:10723000F843066907460D46D6F80090D6F8408018
:107240004FF0FF324FF0FF3306F18400FCF782FA73
:107250004046FFF7A8FF014618BB4846FFF7A3FFCB
:10726000044620BB99F8143023F0100389F8143039
:1072700098F8143023F0100388F8143024BB01224E
:1072800086F8B020EDB12B68C6F8A8306B6886F898
:10729000B120C6F8AC3038698430BDE8F843FCF75B
:1072A000CBBA6FF067023846FFF79AFFD0E7637EEC
:1072B000DB07D7D46FF0670221463846FFF790FF0F
:1072C000CBE786F8B150E6E72DB10822294604F154
:1072D0000C00FEF7DBFB002221463846FFF780FF5B
:1072E000D9E72DE9F8430546884614461F46D0F8ED
:1072F0000890FFF730FF0646002834D02846D9F81A
:107300003C3098474146224630463B88FFF7CAFE4C
:10731000804688B183B92B6904F0030493F8803068
:10732000DB0753BF40224FF480624FF400711146D7
:10733000022C0DD0032C11D02846D9F840309847A4
:10734000B8F1000F14BF00206FF08500BDE8F8838E
:10735000338A8B4228BF0B463B80EDE7338A93424A
:1073600028BF1346F8E76FF01200EFE72DE9F0476A
:107370000546894690461F46D0F808A0FFF7EBFE69
:10738000044610B3067DF3071CD43B4642464946EB
:10739000FFF788FEC8B19DF8203026F0060684F875
:1073A0001980678323772675DAF818302146284636
:1073B0009847B0FA80F3227D5B0963F300022275DF
:1073C000BDE8F0876FF07700FAE76FF01200F7E79B
:1073D0002DE9F3411F464B0604460D461646D0F8EC
:1073E00008801BD0D8F83C3098472069FFF796FEFC
:1073F00088B19DF820302946009332463B4620460E
:10740000FFF7B4FF05462046D8F840309847284695
:1074100002B0BDE8F0814FF0FF35F4E76FF01505DD
:10742000F5E770B505468668FFF795FE044688B116
:10743000037DDB0711D50146F3692846984738B12B
:10744000237D03F00103227D63F30002227570BDEA
:107450000346F8E76FF01200F9E76FF07700F6E700
:1074600070B54B0604460D46866812D0F36B9847FC
:107470002069FFF74DFE48B129462046FFF7D1FFAE
:1074800005462046336C9847284670BD4FF0FF35BF
:10749000F7E76FF01505F7E770B5054686680C4607
:1074A000F36B98472869FFF739FEB0B121462846AB
:1074B000FFF751FE014698B1037DDB0710D5437EEF
:1074C00003F00303012B0ED02846F36898470446C7
:1074D0002846336C9847204670BD4FF0FF34F7E7DD
:1074E0006FF01204F4E76FF08504F1E7F8B5064693
:1074F00087680C46FB6B98473069FFF70FFEE0B1D9
:1075000021463046FFF727FE0546C8B1037DDB075D
:1075100016D5437E03F00303012B14D001463B69CB
:1075200030469847044618B92B7D60F341032B750C
:1075300030463B6C98472046F8BD4FF0FF34F7E7E4
:107540006FF01204F4E76FF08504F1E72DE9F041E4
:10755000054686680769F36B0C4698472869FFF76C
:10756000DDFD98B394F8188028464146FFF7F3FDF7
:10757000014670B3037DDA072BD518F07F0F20D1B9
:1075800097F8B030EBB1637EDB0717D597F8B130D1
:1075900033B1082207F1A80104F10C00FEF776FAD6
:1075A000002287F8B02021462846FFF719FE04463E
:1075B0002846336C98472046BDE8F0816FF067029B
:1075C000F1E72246284673689847F0E74FF0FF340A
:1075D000EEE76FF01204EBE770B505460C468668DF
:1075E000F36B984721462846FFF7B5FD48B101F0F7
:1075F0004DFBB0FA80F464092846336C9847204666
:1076000070BD0124F8E770B5054686680C46F36B3B
:1076100098472869FFF77CFD80B121462846FFF78F
:107620009AFD014668B104681CB12846B3689847C2
:1076300004462846336C9847204670BD4FF0FF340F
:10764000F7E76FF01204F4E708B5036900211B683F
:107650005A8BFAF7C5FD28B1437E23F0070343F0A8
:107660000103437608BD08B539B90369013A1B68BF
:107670005B8B1A44B2FBF3F25A43FAF7B1FD28B11F
:10768000437E23F0070343F00203437608BD08B5A9
:1076900061B903691B685A8BFAF7A2FD28B1437ED2
:1076A00023F0070343F00403437608BD0022F3E709
:1076B00070B50D4604468668F36B98472846F9F77F
:1076C000EBFE2046336C9847002070BD70B5054630
:1076D0008668F36B98472869FFF720FD044620B1C0
:1076E00033683BB12846984704462846336C984790
:1076F000204670BD0124F8E7F8B50446876806699E
:10770000FB6B98472069FFF703FDB8B12069FFF7CD
:1077100005FDB0B92046FB6A9847054648B906F111
:10772000A003D3E8EF1F41F00201C3E8E21F002AE3
:10773000F7D120463B6C98472846F8BD4FF0FF35FF
:10774000F7E76FF07705F4E7F8B504468768066950
:10775000FB6B98472069FFF7E1FC90B13B6B20463B
:107760009847054606F1A003D3E8EF1F21F0020178
:10777000C3E8E21F002AF7D120463B6C9847284611
:10778000F8BD6FF07705F7E72DE9F041054614469F
:107790000F46D0F80880066911B30AB3D8F83C3018
:1077A00098472869FFF7B4FCB8B9C6E9267428469B
:1077B000D8F834309847044640B9A036D6E8EF3FB1
:1077C00043F00103C6E8E23F002AF7D12846D8F883
:1077D000403098472046BDE8F0816FF07704F5E728
:1077E0006FF01504F6E7F8B5044687680669FB6B89
:1077F00098472069FFF792FCB0B92069FFF788FC31
:10780000A8B1BB6B20469847054606F1A003D3E814
:10781000EF1F21F00101C3E8E21F002AF7D1204643
:107820003B6C98472846F8BD6FF00F05F7E76FF0FF
:107830007705F4E7436800201B68196070474FF430
:1078400080510369D3F8A420436800201B684C339F
:1078500043F400531960012382F88C317047436868
:10786000586AD96A83685B6803B118476FF057009C
:10787000704770B5002105464668FFF7D2FD18B184
:107880006FF00404204670BD80212846FFF7C9FD33
:1078900004460028F4D12846336A9847F2E70E20C0
:1078A000F9F71EBC08B50E2000220721F9F72CFCC1
:1078B000BDE808400E20F9F705BC03460022D3E8D6
:1078C000EF0FC3E8E12F0029F9D1704710B5044646
:1078D000FCF704FE206984304FF0FF32BDE8104011
:1078E0004FF0FF33FBF736BF0A0643684BBF21F06A
:1078F000800103EBC1031031843348BF03EBC103A4
:107900001868704713B54468A06A38B9606AE16ABC
:1079100083681B6893B96FF057000DE0002101AA3E
:1079200000F035FD002807DB019B0022197918685B
:1079300000F03FFD0028E9D002B010BD02B0BDE864
:107940001040184708B500698430FBF775FFBDE8A3
:107950000840FCF7D7BD2DE9F041066905464468AB
:10796000D6F8A47006F1840001F0EEF807F1780073
:1079700001F0D5FB07F18400FFF79FFF07F18800B6
:10798000FFF79BFF96F8803040F2FF3723F0620349
:1079900043F0620386F880304FF040080026E36829
:1079A000B3420DD8002640F2FF374FF04008E3689D
:1079B0009E4237D32846A36998470020BDE8F0814E
:1079C0006269730102EB4612917C41F040019174AF
:1079D000626996B9917C41F0010191746269A2F8E3
:1079E0001080626928461A44167661691944FFF7C7
:1079F000C4FB0028E2D10136D1E71A44917C41F062
:107A00000401917462691A44917C41F002019174FD
:107A100062691A44917C41F00801917462691A44C8
:107A20001782DEE72269730102EB4612917C41F076
:107A3000200191742269A6B9917C41F001019174F1
:107A40002269A2F81080226966F07F011A4411763B
:107A5000216928461944FFF790FB0028AED1013672
:107A6000A5E71A44917C41F00401917422691A44FB
:107A7000917C41F00201917422691A44917C41F099
:107A80000801917422691A441782DCE701F04CBBAB
:107A900001234A0901F01F018B4000EB8200D0E86E
:107AA000EF2F1A43C0E8E12F0029F8D1704743684F
:107AB00008064BBF21F0800103EBC1031031843372
:107AC00048BF03EBC1031A6070472DE9F0410D4632
:107AD0000369097ED3F8A44095F918300646002BB7
:107AE000B6BF21F0800304EBC10404EBC30440687B
:107AF000ACBF8C3404F58674FFF7F6FE10F4806793
:107B000024D1EFF31188102383F31288BFF36F8F12
:107B100023796A8B191E18BF012183F00103237199
:107B200042EA41327068297EFFF7C1FF00BF00BF03
:107B300000BF297E706842F48062FFF7B8FF88F3C7
:107B40001188BFF36F8F3846BDE8F0816FF00F00EA
:107B5000FAE72DE9F8430C468046FFF7FCFA63B2DA
:107B6000DB43012524F080020646DB0FD8F8040031
:107B7000214603EB4203D0F800909D40FFF7B4FE8E
:107B800010F4806109F1600704D13046BDE8F84384
:107B9000FFF7EEBA47F400531D60D9F8643035EAB8
:107BA0000303FAD1214620F4806247F44057D8F805
:107BB0000400FFF77CFF00213D60E6E770B50C464E
:107BC0000B7E426891F9181055680029B7BF23F061
:107BD000800305EBC305103305EBC305A8BF84354F
:107BE0001368EFF31186102282F31288BFF36F8FB0
:107BF000227E510607D1002A14BF012202226833D7
:107C000043F400531A6094F91830217E002B13DBE3
:107C1000FFF79FFF4FF4406345F400552B60237E30
:107C20005B061EBF237D43F00203237586F3118894
:107C3000BFF36F8F002070BD4FF40063ECE770B5A9
:107C400005460C46EFF31186102383F31288BFF329
:107C50006F8F097EFFF77DFF21462846FFF7D8FA90
:107C600086F31188BFF36F8F002070BD2DE9F843B4
:107C70000D4600220369097ED3F8A44095F9183017
:107C8000D0F80490002BB9BF21F0800304EBC304AB
:107C900004EBC1048C34B8BF04F58674064648462C
:107CA00095F81980D9F80470FFF701FF22712B7E37
:107CB0005B0620D0698B22463F31D9F8080089093C
:107CC000FDF73EFCA8B92288287E08F0030842EAA6
:107CD000886230F0800342F0204208D071680006CC
:107CE00049685ABF01EBC3010B1D01EBC3031A60C6
:107CF0000020BDE8F88307F580772760F8E72DE9D5
:107D0000F04703698846D3F8A44092F91830117EF1
:107D1000002BB6BF21F0800304EBC10404EBC304C5
:107D200007464068ACBF8C3404F586741646FFF7EE
:107D3000DBFD10F4806931D1EFF3118A102383F356
:107D40001288BFF36F8FB8F81050738BD8F80C10EF
:107D50009D4228BF1D4620682A4601F002FA237979
:107D60001A1E18BF012283F00103237145EA423530
:107D7000317E786845F40042FFF799FE00BF00BFEE
:107D800000BF317E786845F40442FFF790FE8AF325
:107D90001188BFF36F8F4846BDE8F0876FF00F0082
:107DA000FAE770B5064608460C46FFF700FA0546A6
:107DB00020B1237E1BB9437ED90702D570BD1A06B8
:107DC0000FD4237D9B07F9D421463046FFF77DFE73
:107DD00068B129463046BDE870406FF06E02FFF78B
:107DE000FFB9014622463046FFF789FFF0E72046FB
:107DF000BDE870400121FFF7BBB92DE9F04107460E
:107E00000A7E03690C4691F9180011460028D3F840
:107E1000A460B8BF22F080057B68ACBF06EBC2054A
:107E200006EBC5055B68ACBF8C3505F5867500288B
:107E3000B5BF22F0800103EBC20301F110028433CD
:107E4000B8BF03EBC20301B3EFF31188102282F332
:107E50001288BFF36F8F94F91820217E002A17DB58
:107E60003846FFF776FE00222A71237D62F3410334
:107E7000237588F31188BFF36F8F2046FFF774F9DD
:107E800060B121463846FFF78CFF0020BDE8F08145
:107E90004FF4006243F440531A60E4E72046FFF7D2
:107EA00086F90028F1D094F91830217E002BB8BF54
:107EB00021F0800106F18400B8BF1031FFF7E8FD22
:107EC000022106F17800FFF7E1FDDEE7F8B50E4686
:107ED0000369097ED3F8A44096F918300546002BB3
:107EE000B6BF21F0800304EBC10404EBC304476870
:107EF000ACBF8C3404F58674FFF72BFE327E32F073
:107F0000800013D012064FF000026B68718B5B6823
:107F100001F13F0103EBC00358BF04331A60B86896
:107F20002246BDE8F8408909FDF7DEBAF8BD2DE923
:107F3000874804464FF0010B23694FF0FF38D3F810
:107F4000A4704FF0FF3907F1780A00224FF0FF319B
:107F50005046CDE9008901F0EEF8064620698430EC
:107F600042464B46FBF7F6FB70071CD4B1070AD517
:107F70000221504601F0DBF807F18400FFF79DFC79
:107F80000546002D58D1F30708D50121504601F0D0
:107F9000CEF8204607F28D11FFF749F920698430A9
:107FA000FBF74AFCC8E70421504601F0C0F807F18E
:107FB0008800FFF782FC8046B8F1000FD6D098FA0F
:107FC000A8F3B3FA83F3DDB20F2BC2BF103D65F007
:107FD0007F05EDB20BFA03F22946204628EA020893
:107FE000FFF7B9F82A06814620D5FFF7E0F878B9FF
:107FF0006FF0680207212046FFF7E6F84846FFF7D2
:10800000B3F80028D8D149462046FFF7CAFED3E787
:108010004846FFF7C8F8054648460021FFF7A8F88C
:10802000002229462046FFF7DBF8E7E7FFF7BBF819
:1080300005460028F0D1DBE795FAA5F3B3FA83F300
:108040000F2BD9B2C4BF103961F07F010BFA03F2D4
:10805000C8BFC9B2204625EA0205FFF77CF8804672
:10806000FFF782F800288CD141462046FFF799FEA1
:1080700087E738B50C46036911462046D3F8A4506B
:10808000FFF797F8237D9B0711D494F91830217ED0
:10809000002BB8BF21F0800105F18400B8BF10317A
:1080A000FFF7F6FC022105F17800FFF7EFFC002056
:1080B00038BD10B5807A0C46F9F768F9C3692146D6
:1080C000BDE81040586800F0A3BC73B5807A16462E
:1080D0001D460C46F9F75AF92168C369CDE90065D8
:1080E000033121F0030258680421FBF71FFA00B99D
:1080F000206002B070BD49B21029436816DC0A291D
:108100000BD00B2910D00C221B6802FB01334FF45B
:10811000006203F500531A6004E09B682D2203F50A
:1081200040535A6000207047DB68F7E76FF0150096
:10813000704749B21029436816DC0A290BD00B2975
:1081400010D00C221B6802FB01334FF4006203F5D0
:1081500040531A6004E09B682D2203F500535A60D7
:1081600000207047DB68F7E76FF0150070470E29B5
:1081700009D8DFE801F00A0A0A0A22220A080A0AD4
:1081800011111D222200002070470C225143036868
:108190005858C0F3C0207047D0E902230A2908BF0D
:1081A0001346586800F02900B0FA80F04009704783
:1081B00043685868C0F3003070470120704749B2E7
:1081C000102908B505DC4068FFF7D1FF0130C0B2C7
:1081D00008BDEA20FCE749B2102910B5144606DCB8
:1081E000FAF7B0FAF8F702FA2060002010BD6FF03D
:1081F0001500FBE710EE183000200B607047026995
:10820000D36821EA030040EE10001940136901EA27
:10821000030260EE142021EA030140EE1410002056
:1082200070470269D36821EA030060EE100019402C
:10823000136901EA030240EE142021EA030160EE13
:108240001410002070470369DB6821EA030220EE66
:1082500010200B4020EE14300020704730B5036929
:10826000586800B30024884219D108688CB99C680A
:108270005860A14200D19860002008602AB15A6875
:108280000A609A68596002B9996000200FE0284698
:10829000E9E720609868814208BF9C60ECE70568C8
:1082A0000446002DF3D1002AE9D16FF0150030BD4E
:1082B00008B543685B6803B19847002008BD70B5F6
:1082C0000D4616460F21002228461C46FAF7BEFF2F
:1082D000B6F5001F0DD0F20104F08063C4F34061D5
:1082E00009D589000BB141F0080101222846FAF7AF
:1082F000ADFF002070BD002BF7D041F00201F4E784
:1083000008B5152000220721F8F7FEFEBDE8084059
:108310001520F8F7D7BE30B50569EB6810EE1040B0
:1083200021EA03005440204020EE100019402C693F
:1083300010EE1400504001EA040323EA000320EE8B
:10834000143010EE143021EA04015A40114020EE9E
:108350001410002030BD73B505460C46EFF31186AE
:10836000102383F31288BFF36F8F684600F0BAFAC8
:1083700086F31188BFF36F8F082C28BF0824694645
:108380002246284600F0EDFE204602B070BD30B512
:10839000036813600579046804EBC504A34202D3A3
:1083A0006FF0010030BD5C7908338C42F1D10020C0
:1083B000F8E770B5044600EB8105AC4201D100201E
:1083C00070BD264616F8040B00F03F0000F081FA5D
:1083D00021882078C1F3841100F03F00FAF7DCFE19
:1083E000A1782078C1F3400200F03F0001F00101C4
:1083F000FAF7EEFE61782078C1F3C30100F03F0088
:10840000FAF714FF61782078C90900F03F00FAF705
:10841000FFFEA1782078C1F3C00100F03F00FAF719
:10842000E9FEA1782078C1F3800100F03F00FAF75F
:108430001BFFA1782078C1F3011100F03F0000F08C
:1084400039FAA1782078890900F03F0000F023FA7A
:10845000E178207801F0030100F03F0000F00CFA11
:10846000E1782078C1F3810100F03F0000F0F5F9D8
:108470003446A2E7002070470020704710B54368DB
:1084800002691B68127A1C6B1AB940F20122A243DE
:1084900006D1986910F0100002D11B680B7010BD56
:1084A0004FF0FF30FBE743681B689A699206FCD4E3
:1084B00019607047002143681A6853685160C3F31C
:1084C000C000590748BF40F008009A0748BF40F075
:1084D000020003F0010340EA830070470B46026983
:1084E00092E8030083E803000020704710B543685A
:1084F00000201B689C69A40602D4141A002C00DC1E
:1085000010BD0C5C01301C60F4E710B5436800201E
:108510001B68141A002C02DD9C69E40600D510BD0E
:108520001C680C540130F4E72DE9F04143680569FB
:108530001C680646A36B43F02003A3632B7C9BB10E
:1085400000232B746B697BB11027A36B9B060BD5A3
:10855000236B19040AD5A369DA0707D401232B7406
:10856000A36B43F00203A363BDE8F081EFF311882E
:1085700087F31288BFF36F8F3046D5E905319847EE
:1085800088F31188BFF36F8FDFE701214268036929
:1085900012681974936B23F0220393637047436846
:1085A0001B689869C0F3C00080F001007047026941
:1085B0004368127A1B681AB9186B10F480700BD0DC
:1085C000986B10F0200007D0DA6B920603D49869FC
:1085D000C0F3C01070470120704743681A68936B5E
:1085E00043F050039363704743681A68936B23F01A
:1085F00050039363704702694368127A1B681AB983
:10860000186B10F4007008D0986B10F010001EBFAB
:108610009869C0F3001080F00100704743681A6841
:10862000936B43F4F0639363704743681A68936BEA
:1086300023F4F0639363704710B5436801461C68E8
:10864000FFF7D9FF08B1012010BD0846FFF7AFFFC3
:108650000028F8D1206C00F4F060003818BF012029
:10866000F2E70369C3E90512704710B54368026970
:108670001B68196C890705D502215964996B21F093
:1086800002019963196C11F4F06F1EBF196C01F4AB
:10869000F061596453696BB1EFF31184102383F3D4
:1086A0001288BFF36F8FD2E90531984784F31188A0
:1086B000BFF36F8F10BD08B5212000220721F8F706
:1086C00023FDBDE808402120F8F7FCBC0122FAF7A1
:1086D000F9BA2DE9F341456804460769A8682E6890
:1086E000002856D1286900285DD197F80880B8F194
:1086F000000F30D14146686801AAFFF748FE002804
:108700004EDB019B424619791868FFF752FE00289C
:1087100046D16B6A0BB12046984763681A68136BA1
:1087200023F00103136363681A68D36A23F010030C
:10873000D3622B6A002B45D1002239462046FAF736
:10874000C1FA102373632B7F2BB963681A68D36A4D
:1087500043F01003D3620023B36340F2FF737364EA
:108760003B7A63B9B364BFF36F8F336B23F00203BB
:108770003363336B43F440733363BFF36F8FAB6981
:108780001BB12046984701233B743B7A03B300207A
:1087900006E0E9688368DB680BB398470028A1D03E
:1087A00002B0BDE8F081836869691B6803B198472E
:1087B000D5E90401836807F10C02DB68002B94D033
:1087C000984792E72046F96898470028B4D0E7E731
:1087D00063681A68136B43F001031363D7E76FF004
:1087E0005700DDE7EFF31180102383F31288BFF306
:1087F0006F8F70472DE9F74390460A9A06469342D9
:108800000F4601D2FDF714F91C0C1D042846002365
:108810002146F7F711FF02460B4669B123464FF098
:108820000009304642463946CDF80090FAF7E2FB9F
:10883000012003B0BDE8F083814621462846F7F7C2
:10884000FBFE0346EDE70C235843012300F1804073
:1088500000F58410416003607047C00000F1804063
:10886000043000F520331B6800F5243083EA0173DF
:1088700003F0405303607047C00000F180400430B3
:1088800000F520331B6800F5243083EA014303F42C
:10889000403303607047C00000F18040043000F5B1
:1088A00020331B6800F5243083EA013303F440537E
:1088B00003607047C00000F18040043000F52033B1
:1088C0001B6800F5243083EA813303F440430360DE
:1088D00070474FF0000242EC440042EC400005219A
:1088E000FAF75ABC10B588B004460D22002168463C
:1088F00000F044FC0D22002104A800F03FFC4B23B3
:108900000D228DF800306846002304A900F0A0FC79
:10891000DDF815302360DDF81930636008B010BD54
:1089200010B5436904463BB90020E26840425378E1
:1089300043F00103537010BD98470028F4D000287D
:10894000B8BF4042FF28A8BFFF20E3681870ECE7DB
:1089500040B1C368587810F001001EBF1878B0FA13
:1089600080F040097047EFF31183102383F31288DE
:10897000BFF36F8FFEE708B5FFF7F5FF2DE9F04F66
:1089800089B0DDE91268059243460546324606A8DD
:108990000F4600F01CFBDDE90634CDE90234EFF3AD
:1089A00011844FF0100989F31288BFF36F8F05F11E
:1089B0000C0A05F1140B39462846059A149B984772
:1089C00030B184F31188BFF36F8F09B0BDE8F08F29
:1089D00056EA0806F5D0DDE9022306A800F01CFBE4
:1089E000DDE90668524621465846CDE90068FBF7A6
:1089F0008FFCEFF3118489F31288BFF36F8FDAE7EE
:108A000010B400F10C04C0E9034410BCFCF71ABD1B
:108A100038B50446EFF31185102383F31288BFF3B2
:108A20006F8FFCF7EEFB04F10C0000F057FA30B149
:108A3000294604F11400BDE83840FBF7F1BB85F38B
:108A40001188BFF36F8F38BD10B542696AB1836872
:108A500042EA0301890708D10169A2FB011424B984
:108A60005B182CBF0121002102D36FF0150005E037
:108A7000C1609B1A02698A4201D8002010BDC268F9
:108A800001311A604269C3609B1AF3E72DE9F04196
:108A900005460F46EFF31188102383F31288BFF3C6
:108AA0006F8FC668F6B90468A0421BD0D4B1D4E970
:108AB000003213605A60237CC4E9006623F002038D
:108AC0002374A66004F11800FBF78EFE204666674B
:108AD0006761FBF79DFA414605F10800BDE8F041EA
:108AE000FBF79EBB3E60AB69EF60013BAB6188F377
:108AF0001188BFF36F8FBDE8F08110B51024EFF33C
:108B0000118384F31288BFF36F8FFCF784FFF6E7BD
:108B1000D0E9003213605A600023027CC0E90033C0
:108B200022F0020202748360704713B5012400949E
:108B3000FAF74AFD02B010BD90F90E308B4201D019
:108B4000FBF718BC0020704703460020C3E9003340
:108B5000C3E902007047D0E9003213605A60002375
:108B6000027CC0E9003322F0020202748360704785
:108B70002DE9F84390469DF8202004460D46099FB4
:108B800002B14568A66804F108094E4515D0A6B1A2
:108B900000243046FFF7DFFF06F11800FBF724FE44
:108BA00030467467C6F81480FBF732FA48463946F7
:108BB000FBF736FB2046BDE8F883A3B10820FBF79E
:108BC00043FF002832D00122C0F80480026001680F
:108BD00001F003015DB922680A4302606268206007
:108BE0006AB960600BE04046C8F80030EFE72A68D9
:108BF000032A10D80160616839B9C4E90000002077
:108C000087F31188BFF36F8FD5E70A6802F003027C
:108C100002430A60E5E722F003020A4302602A6881
:108C200002F0030240EA02032B60E8E76FF00B005A
:108C3000E6E70023C0E9003300F10803C0E902338E
:108C4000704707B50A46EFF31183102181F31288AC
:108C5000BFF36F8F01930123009300231946FFF7A1
:108C600087FF03B05DF804FB07B50A46EFF31183F5
:108C7000102181F31288BFF36F8F019300231946EF
:108C80000093FFF775FF03B05DF804FBEFF311836A
:108C9000102282F31288BFF36F8F006818B1026848
:108CA000920718BF406883F31188BFF36F8F704736
:108CB000012302688B4022EA0303036022FA01F0D9
:108CC00000F001007047F8B504460E460C30032151
:108CD000FFF7EEFF054630B1102710342046FBF7B2
:108CE00083FD0B3001D02846F8BD336883F311882B
:108CF000BFF36F8FEFF3118387F31288BFF36F8F8A
:108D00003360EBE738B5D8B150F8844F844217D0C0
:108D1000B4B1D4E90032002513605A60237CC4E961
:108D2000005523F002032374A56004F11800FBF73B
:108D30005BFD656765612046BDE83840FBF768B9B3
:108D400038BD73B50446EFF31185102383F3128801
:108D5000BFF36F8F0023A0F11006032104380193A5
:108D6000FFF7A6FF28B1A369304601A90193FAF7DE
:108D70004DFF85F31188BFF36F8F02B070BD38B51A
:108D800004460D461022002100F0F8F9656038BD58
:108D900038B530220D460021044600F0EFF94FF4BB
:108DA00080736560E36038BDEFF30580003818BF5D
:108DB000012070476FF05700704738B58589EFF391
:108DC0001181102282F31288BFF36F8F037C13F09E
:108DD000080404D081F31188BFF36F8F38BD0122DE
:108DE000FBF780F9EB07F9D584F31188BFF36F8F98
:108DF0000423184602DFF1E7FBF748BAD0E9003256
:108E000013605A600023C0E90033704708B5FFF7CC
:108E1000F5FF037C23F0020303740023836008BD85
:108E200010B5EFF31184102383F31288BFF36F8F13
:108E3000FBF7EEF884F31188BFF36F8F10BD38B5E0
:108E400004460D46FBF724F9237C43F00203237408
:108E5000D5B1A5602B689D4209D16B68C4E9005368
:108E60001C606C6010E06A689A42F6D01B68002BA8
:108E7000F3D093F90E1094F90E209142F3DD5A6865
:108E8000C4E9003214605C6038BD08B5037C01465B
:108E900013F0280F0CD183680BB1FFF7B7FF0B7CE1
:108EA000084623F004030B74BDE80840FBF7B0B894
:108EB00008BD38B50446EFF31185102383F31288FB
:108EC000BFF36F8FFBF7D2FC18B9A4F11800FFF7BE
:108ED000DCFF85F31188BFF36F8F38BD70B5054691
:108EE000EFF31186102383F31288BFF36F8F0468AA
:108EF0000020A54204D186F31188BFF36F8F70BDA7
:108F0000002CF8D02046FFF781FF04F11800FBF792
:108F10006BFC2046FBF77CF801202C68E9E738B5AC
:108F200005460C46FBF792FAB4F1FF3F08BFB5F1D6
:108F3000FF3F0AD0C11709304FF00A024FF000037B
:108F400041F10001F7F778FB38BD4FF0FF30FBE748
:108F50002DE9F04706460F4691469A46EFF31188F1
:108F6000102383F31288BFF36F8F0068864206D008
:108F700028B1736898420CBF0025056868B90024C1
:108F8000B9F1000F02D051462046C84788F3118836
:108F9000BFF36F8F2046BDE8F0875146B8470446BF
:108FA0000028EDD135B17368AB4200D02C6828465B
:108FB0002546E3E72C46FAE708B5FBF7CBFABDE810
:108FC0000840FBF7F7BA08B5FBF7DAFC08BDB3F1C8
:108FD000FF3F08BFB2F1FF3F70B506461D4614467D
:108FE00014D01A4316D0002B08DBFBF7C9FC041978
:108FF00041EB0501C6E90041304670BD6FF0010349
:109000001C1B4FF0FF3363EB0501F3E74FF0FF3418
:109010002146EFE70024FBE7B3F1FF3F08BFB2F1C1
:10902000FF3FF8B5074616461C4610D054EA020327
:1090300011D0FBF7A5FCB0420A46A14103460AD273
:10904000F31A64EB0204C7E900343846F8BD4FF068
:10905000FF331C46F7E70023FBE72DE9F3470446FF
:10906000DDE90A9815460E4659B302F0010AFBF7EE
:1090700059FA0746EFF31181102383F31288BFF3E7
:109080006F8FA80744BF0023A360A36803EA06000C
:10909000BAF1000F0CD086420CD16A0744BF83435B
:1090A000A36081F31188BFF36F8F02B0BDE8F08732
:1090B0000028F2D159EA080305D181F31188BFF3E2
:1090C0006F8F0020F1E7C7E918652246CDE90098C7
:1090D00004F10C00FBF71CF90028F2D1386EE4E72C
:1090E00010B50B680446D0E9180212F0010F03EA2C
:1090F000000301D0984210D17BB12366520748BFCC
:109100004A6804F1180044BF1A434A60FBF76CFB3D
:10911000002320466367FFF7B8FE002010BD002340
:10912000C0E90000836070470A46FBF741BC0A466D
:109130000021FBF73DBC5200FFF78FBF014610B581
:1091400070B151F8040DEFF31184102383F31288EA
:10915000BFF36F8FFCF755F884F31188BFF36F8F5F
:1091600010BD0A44431E914200D1704710B511F85A
:10917000014B914203F8014FF9D110BD024403465F
:10918000934200D1704703F8011BF9E702460144FE
:1091900010B58A42134603D01C780132002CF8D156
:1091A000181A10BDF0B5C3F13707044603F01F03CA
:1091B0001046FFB2082BE6B232D0102B3DD0650826
:1091C000A40845EAC17544EA81748A082D1942EB66
:1091D0005102290941EA02716D1842EB1212290A63
:1091E00041EA02616D1842EB1222290C41EA024168
:1091F0006D1842EB1242AD1842F10002EC0844EA4D
:109200004274D10804EB8402A6EB4205EDB2092DAD
:109210000CD90134A5F10A0541F10001EDB212E0CB
:10922000E40806F0070544EA4174C908303554EAF9
:10923000010200F8015BBDD1F0BD240906F00F0565
:1092400044EA01740909092D84BFED19EDB2EDE777
:089250005FF800F07904002032
:089258002874FF7F01000000F3
:1092600000000000C8920010093500100000000046
:1092700000000000E4920010000000001C930010A9
:109280000000000000930010852A0010000000007C
:10929000452E0010000000003113001000000000F7
:1092A00000000000389300100000000054930010EC
:1092B000411F001000000000590A001000000000CB
:0892C000B10A001000000000DB
:1092C800B59E001098970010AC950010CC050020B2
:1092D800DC0200207128001000000000DB9E001056
:1092E800000000009C950010D00500200000000040
:1092F80000000000000000008A9E0010EC9600109C
:10930800C8950010C80500203000002095210010E5
:1093180000000000F59E0010000300201C960010BD
:10932800D2050020E4020020D386001000000000CF
:10933800CF9E00109098001078950010CE05002060
:1093480044100020B182001000000000A79E001009
:109358001097001048970010CA0500200C02002042
:0893680057790010000000001D
:1093700000000000FB59001000000000FB59001025
:1093800000000000FB59001000000000FB59001015
:1093900000000000FB59001000000000FB59001005
:1093A00000000000FB59001000000000FB590010F5
:1093B00000000000FB59001000000000FB590010E5
:1093C00000000000FB59001000000000FB590010D5
:1093D00000000000FB59001000000000FB590010C5
:1093E000549300100D23001000000000FB590010E2
:1093F00000000000FB59001000000000FB590010A5
:1094000000000000FB59001000000000FB59001094
:1094100000000000FB59001038930010CD2B001005
:1094200000000000FB59001000000000FB59001074
:1094300000000000FB59001000000000FB59001064
:1094400000000000FB59001000000000FB59001054
:1094500000000000FB59001000000000FB59001044
:1094600000000000FB59001000000000FB59001034
:1094700000000000FB5900101C9300106B860010C8
:1094800000000000FB59001000000000FB59001014
:1094900000000000FB59001000000000FB59001004
:1094A00000000000FB59001000000000FB590010F4
:1094B00000000000FB59001000000000FB590010E4
:1094C00000000000FB59001000000000FB590010D4
:1094D00000000000FB59001000000000FB590010C4
:1094E00000000000FB59001000000000FB590010B4
:1094F00000000000FB59001000000000FB590010A4
:1095000000000000FB59001000000000FB59001093
:0495100049350010C9
:04951400594A0010A0
:1095180060070020F013002000020000DD090010A1
:10952800000000000000000000000000070000002C
:1095380000000000A59900100000000000000000D5
:10954800E8060020F0110020000200003D0900108C
:1095580000000000000000000000000005000000FE
:10956800000000009B9900100000000000000000AF
:10957800052B0010F581001017830010FF810010E3
:109588002382001047820010BF8200105D82001005
:10959800D52A0010552C0010712C0010852C0010B5
:1095A800A12C0010F780001033810010000000008B
:1095B800D7810010BF8100100000000000000000EB
:1095C800116A00102521001000000000C369001076
:1095D800656A00103B6A0010FD690010BD6F00103D
:1095E800596B001065690010EB6F00104F6B00108D
:1095F800000000007D69001000000000000000006D
:1096080085690010796F0010976900105B6C001075
:109618009F6900107D840010A7840010B584001095
:10962800CD860010DD840010ED8400100B8500103D
:10963800298500108B850010AF850010DB85001090
:10964800E98500109F850010F78500101D86001021
:109658002B86001039860010000000006386001079
:1096680000000000000000007D840010A7840010A6
:10967800B5840010CD860010DD84001000000000C5
:1096880000000000000000000000000000000000D2
:1096980000000000000000000000000000000000C2
:1096A80000000000000000000000000000000000B2
:0C96B800000000000000000000000000A6
:0496C4002C06002050
:1096C800000A010A020A030A070A040C050A060529
:1096D800080B090B0A0C0B0C0CFF0DFF0E0D0FFFEE
:1096E80010FF000098010020000000005303002034
:1096F800AC010020000000008C970010F00500204D
:109708000000000000000000000011500000105090
:10971800C0020020100000003C0E00203C0C00207D
:1097280011220010A57800109F780010C892001030
:109738000000000008000000E49200101C00000077
:1097480000000000738000103F7C0010BD7B0010FB
:10975800FB7D0010000000006D7C0010CD7E001025
:109768003F78001035780010000000005D220010DE
:1097780073780010057900105F780010CD7800101C
:1097880045790010CB80001000000000B380001065
:1097980000000140008004400000054000800540B2
:1097A80000800E4088980010010000007D00000035
:1097B8000500000002000000010000006400000035
:1097C8000500000005000000000000000000000087
:1097D80080D1F00880D1F0080000000000000000EF
:1097E80080D1F00880D1F0080000000000000000DF
:1097F80080D1F00880D1F0080000000000000000CF
:1098080080D1F00880D1F0080200000000000000BC
:10981800001BB700001BB70001000000000000009B
:1098280080D1F00880D1F00800000000000000009E
:1098380080D1F00880D1F00800000000010000008D
:1098480080D1F00880D1F00800000000000000007E
:10985800006CDC02006CDC0200000000000000006C
:10986800006CDC02006CDC020C000000A00A0000A6
:1098780010000000000000000000000000000000D0
:109888009098001000000000FFFFFF3F01830010C8
:10989800A098001001000000A89800100200000025
:1098A8008008000081080400609200106092001097
:1098B8009092001098920010B8920010C892001070
:1098C800089F0010000100000000000009047461F6
:1098D8006D7065723A207377697463682064657681
:1098E800696365206E6F74207265616479210A006E
:1098F80074616D7065723A206D6F6E69746F72690C
:109908006E67204750494F37202861726D65642C77
:1099180020736563726574206C6F61646564290ADD
:10992800002A2A2A2054414D504552204445544586
:1099380043544544202D2D20736563726574207A45
:1099480065726F697A6564202A2A2A0A0068656147
:109958007274626561743A204C4544206465766986
:109968006365206E6F74207265616479210A005402
:10997800616D706572206669726D776172652073BA
:1099880074617274696E672E2E2E0A00616C697696
:10999800650A0074616D7065725F6964006865616D
:1099A8007274626561745F6964002A2A2A20426FB2
:1099B8006F74696E67205A6570687972204F5320FA
:1099C8006275696C642076342E342E302D3130392E
:1099D80035332D676461303731386361306435322F
:1099E800202A2A2A0A006364635F61636D5F30007E
:1099F8006364635F61636D5F73657269616C007254
:109A0800302F61313A202030782530387820207284
:109A1800312F61323A202030782530387820207272
:109A2800322F61333A20203078253038780A007296
:109A3800332F61343A20203078253038782072313D
:109A4800322F69703A2020307825303878207231EA
:109A5800342F6C723A20203078253038780A00206C
:109A6800787073723A20203078253038780A0046AA
:109A780061756C74696E6720696E7374727563744E
:109A8800696F6E2061646472657373202872313562
:109A98002F7063293A203078253038780A00556EBF
:109AA80068616E646C6564204952516E3A20256481
:109AB8000A002A2A2A2A2A20555341474520464186
:109AC800554C54202A2A2A2A2A0A0020204469763A
:109AD8006973696F6E206279207A65726F0A002057
:109AE80020556E616C69676E6564206D656D6F7277
:109AF80079206163636573730A002020537461637E
:109B08006B206F766572666C6F772028636F6E7452
:109B18006578742061726561206E6F742076616C5F
:109B28006964290A0020204E6F20636F70726F638A
:109B38006573736F7220696E737472756374696F7D
:109B48006E730A002020496C6C6567616C206C6F2D
:109B58006164206F66204558435F52455455524E04
:109B680020696E746F2050430A002020496C6C6590
:109B780067616C20757365206F6620746865204581
:109B88005053520A002020417474656D707420741B
:109B98006F206578656375746520756E64656669A0
:109BA8006E656420696E737472756374696F6E0A8A
:109BB800002A2A2A2A2A20425553204641554C5425
:109BC800202A2A2A2A2A0A002020537461636B69F2
:109BD8006E67206572726F720A002020556E73746A
:109BE80061636B696E67206572726F720A0020206C
:109BF800507265636973652064617461206275736E
:109C0800206572726F720A0020204246415220413C
:109C18006464726573733A20307825780A002020CE
:109C2800496D70726563697365206461746120624F
:109C38007573206572726F720A002020496E737402
:109C480072756374696F6E20627573206572726FC6
:109C5800720A002020466C6F6174696E672D706F00
:109C6800696E74206C617A792073746174652070F0
:109C78007265736572766174696F6E206572726F52
:109C8800720A002A2A2A2A2A204D50552046415570
:109C98004C54202A2A2A2A2A0A0020205374616355
:109CA8006B696E67206572726F722028636F6E74BD
:109CB8006578742061726561206D696768742062D7
:109CC80065206E6F742076616C6964290A00202013
:109CD80044617461204163636573732056696F6CD6
:109CE8006174696F6E0A0020204D4D464152204133
:109CF8006464726573733A20307825780A002020EE
:109D0800496E737472756374696F6E20416363651D
:109D180073732056696F6C6174696F6E0A005265BF
:109D280073657276656420457863657074696F6ED3
:109D380020280053707572696F757320696E746599
:109D4800727275707420284952512000535053453F
:109D58004C20696E20746872656164206D6F64655B
:109D680020646F6573206E6F7420696E6469636127
:109D78007465205053500A0045534620636F756C34
:109D880064206E6F742062652072657472696576EE
:109D98006564207375636365737366756C6C792E7F
:109DA800205368616C6C206E65766572206F636302
:109DB80075722E0A002A2A2A2A2A2048415244204B
:109DC8004641554C54202A2A2A2A2A0A0020204291
:109DD8007573206661756C74206F6E207665637488
:109DE8006F72207461626C6520726561640A00207C
:109DF800204465627567206576656E740A002020C8
:109E08004661756C7420657363616C6174696F6E0B
:109E180020287365652062656C6F77290A004152B6
:109E280043485F4558434550542077697468207209
:109E38006561736F6E2025780A0A002A2A2A2A2A61
:109E4800204465627567206D6F6E69746F72206556
:109E58007863657074696F6E202A2A2A2A2A0A0094
:109E68002A2A2A2A2A20257320256429202A2A2AF0
:109E78002A2A0A0061626F727428290A00757362BF
:109E88006400736E69707065745F6364635F6163B7
:109E98006D5F636F6E736F6C655F7561727400756B
:109EA80073626440353031313030303000636C6F6C
:109EB800636B2D636F6E74726F6C6C6572403430B7
:109EC800303130303030006770696F2D706F7274C8
:109ED80040300072657365742D636F6E74726F6CB9
:109EE8006C65724034303032303030300075617219
:109EF80074403430303730303030006D61696E0076
:109F0800737973776F726B7100286E756C6C2900AA
:109F18002A666C6F61742A00465320436F6E666927
:109F28006775726174696F6E004344432041434D05
:109F38002073657269616C206261636B656E640091
:109F48005A65706879722050726F6A656374003060
:109F58003132333435363738394142434445460087
:109F68000B0A0E0C0F10050A0B0E0C0F100A0B0D26
:109F78000C0F100B0F100A0F100B0E0C050809041C
:109F88000000000031200010000000000001000067
:109F980000000000000000000000000000000000B9
:109FA80000000000000000000000000000000000A9
:109FB8000093001000C2010000000800000000002B
:109FC8000000000000000000000000000000000089
:109FD8000000000000000000000000000000000079
:109FE80000000000000000008401002000000000C4
:109FF80070010020000000000000000000000000C8
:10A008000000000000000000000000000000000048
:10A018000000000000000000000000000000000038
:10A028000000000000000000000000000000000028
:10A03800000000000000000000000000BC0000203C
:10A04800BC0000200000000001000000000000002B
:10A058008F5500100000000038030020E8000020A1
:10A0680000000000000000000000000000000000E8
:10A078000004010000000000209F001022030000DF
:10A0880000000000000000000003030000000000C2
:10A0980000000000000300000000000000000000B5
:10A0A8000002010000000000319F00102E03000094
:10A0B8000000000000000000000101000000000096
:10A0C800489F00101E030000000000000000000070
:10A0D8000000000000000000D498001004030000F5
:10A0E80000000000375A00100000000000000000C7
:10A0F800683400200000000000000000000000009C
:10A108000004000068380020000000000000000083
:10A118000000000000040000EE990010000000009C
:10A12800D801002000000000009300105303002015
:10A138005B03002064030020690300206E030020F5
:10A1480072030020770300207E030020870300208D
:10A158008E03002095030020000000000F69001006
:10A16800A96A0010076B0010496D0010E56900101E
:10A178007D6B0010000000002D700010636B001054
:10A18800736A001000000000116900100000000050
:10A1980000000000000000000000000000000000B7
:10A1A80000000000000000000000000000000000A7
:10A1B8000000000000000000000000000000000097
:10A1C8000000000000000000000000000000000087
:10A1D8000000000000000000000000000000000077
:10A1E8000000000000000000000000000000000067
:10A1F8000000000000000000000000000000000057
:10A208000000000000000000000000000000000046
:10A2180090020020900200200000000000000000D2
:10A228000E00000000000000000000000000000018
:10A23800500800200000000000000000000000009E
:10A248003A0000000600000080011050D0020020F3
:10A258003A000000020000003C100020A02E63001D
:10A26800A02E630000C201000001030000000000EE
:10A2780000000000000000000000000000000000D6
:10A28800000007409898001000000000000000003F
:10A29800C892001006000000B786001000000000F9
:10A2A8007984001075840010C80000002C03002079
:10A2B8002C030020FFFFFFFF0902000000010080BF
:10A2C8007D12010002EF020140E32F0400040400A4
:10A2D800000000080B00020202000009040000014F
:10A2E80002020000052400100105240100010424D5
:10A2F800020205240600010705810310000A09046B
:10A308000100020A0000000705820240000007055C
:10A31800010240000000000010B5074A137853B945
:10A328000649074B074853F8044B834241F8044B4E
:10A33800F9D10123137010BDEC11002094100020F6
:10A3480000000E4000010E40004B184795100020F9
:10A35800034B1A6A02609A6A42605B6A83607047BC
:10A3680000000D4010B5044600F0BAF80023084874
:10A3780004F1080200EB830149680133062B42F817
:10A38800041FF7D12046BDE81040FFF7E1BF00BF2A
:10A398000000044010B50D4B04461B6813B1BDE81E
:10A3A80010401847012000F0AFF8094B30B9226877
:10A3B8001A6262689A62A2685A6210BD4FF48052AB
:10A3C800DA624AF202021A63F7E700BF901000202F
:10A3D80000000D40002330B4064D00F1080205EBE3
:10A3E800830152F8044F0133062B4C60F7D130BC7F
:10A3F800FFF7D0BF000004402DE9F0479A4600233C
:10A40800044689469046DB8A8AB0002242E800F278
:10A41800560254BF1021042144F249609847002392
:10A428000746DB8A002242E800F2550254BF102199
:10A43800042145F64500984700230646DB8A00229A
:10A4480042E800F2500254BF1021042144F2463081
:10A45800984705460FB106B108B900F071F8FFF743
:10A468005BFF01A8FFF77EFFB847B047BAF1000FBE
:10A4780014BF082204220121164B17481A601960DC
:10A48800434658EA03010CD10121144B19601A60A4
:10A49800A847FFF759FF01A8FFF79CFF0AB0BDE8DE
:10A4A800F087016801F48036490507D4B8F1000F38
:10A4B80004D014F8011B08F1FF384160002EE0D1E8
:10A4C800002BDED049468668013B01F8016B8946BE
:10A4D800D7E700BF00200D4000000D4000300D40C0
:10A4E80001224FF48041014800F01AB800C0FF0370
:10A4F80008B50023402144F24640DB8A984708B952
:10A5080000F01EF8006808BD10B50446FFF7F0FF1C
:10A51800008814B9C0F3032010BDC0F30330FBE773
:10A528000023014402F1C052884204D3BFF34F8F85
:10A53800BFF36F8F704713540830F5E70000000031
:08A548005FF800F0315A001029
:0CA55000000000000000000000000000FF
:10A55C00D4050020D4050020A82D00200000000008
:0CA56C00080000001000000000000000CB
:10A5780000000000282E0020000400000000000059
:04A5880000000000CF
:10A58C0004060020040600200C0000000A00000055
:10A59C00302D0020A82D0020302D0020302D002043
:08A5AC000000000000000000A7
:04A5B400C0020020C1
:10A5B80000000000000000003806002038060020D7
:10A5C800100010000A0000007570001000970010BD
:04A5D8002832002005
:10A5DC00F8990010000000000000000000000000CE
:10A5EC000000000000000000549300100000000068
:10A5FC00000000000000000000000000000000004F
:10A60C00000000000000000000000000000000003E
:10A61C00000000000000000000000000000000002E
:10A62C00000000000000000000000000000000001E
:10A63C00000000000000000000000000000000000E
:0CA64C004103002000000000000000009E
:10A658000000000098010020000000000000000039
:08A668000000000000000000EA
:04A6700015E015E0FC
:04000005100010696E
:00000001FF
